{"id":{"0":"4ACeAntCpOxVeIcivmqG4S","1":"4TTDimgkhKgAldPLpN0nIr","2":"3YkDslZvvMixTwgDId0aYB","3":"1lXpeQ09DJtCXh2sTZfFRb","4":"49FYlytm3dAAraYgpoJZux","5":"2W9Qoi8PoVZt615EwN9nrU","6":"12MqM3S0fTvR6X4Jt1Xvn6","7":"2egKGgextl7yFhsYOmJSjT","8":"0PXWpNBYg52gABrn1qL1bD","9":"1D1nixOVWOxvNfWi0UD7VX","10":"69F89vyxsDnnYNJ9HfwoKr","11":"68vMDFui7uTbw9OQcyB0gD","12":"3wJTCCMHtuOdDg4fJzkd0i","13":"0kN8xEmgMW9mh7UmDYHlJP","14":"1rGKp8cGN87ZGUegwweG89","15":"3sdLVBqQSLvlY371rlHpM4","16":"1mea3bSkSGXuIRvnydlB5b","17":"42GhletESlrhyhtFkjkf6Q","18":"4lUnFLtn8w3W76FiYDRzmO","19":"0vfMJwQYDlpvtkOL8MU2dx","20":"4h8VwCb1MTGoLKueQ1WgbD","21":"0vBUsN3rew8OjgowVwykOn","22":"3479kk78dx3GFt048Udq54","23":"1zqllQUMCgMaInr0CzFVll","24":"2wQ411UQL2MRsdAgPRUstT","25":"14sxK5FO24K6vgVsKyCKL3","26":"3X1qAgvGOYVIgKGlHdvgJT","27":"1lgN0A2Vki2FTON5PYq42m","28":"7m3povhdMDLZwuEKak0l0n","29":"2ckLFk5TnsH6YOPHUNA852","30":"0a2q5SUFudT2x9Ce56hGIL","31":"0385HqYimoTQaHZP17KwG1","32":"2aFIBOe4hOqh78bzjuORQV","33":"0XUWZEDgeqL95Gm2IYWoPr","34":"0Id5E2O6g3IlGtsl4BDStY","35":"3M0qHiwpoXUMffAS1CBB6M","36":"5dC79m39ThfNFIHfaUx0Ge","37":"6GS3lnAVy5w6AHWEKYzYeS","38":"35B6E05g0zguwhs5xKodVK","39":"76D83dghHeE2NFedPFD4tf","40":"5m95gCTAiHshTaajznt5fA","41":"4nYsmWkuTaowTMy4gskmBw","42":"3SPDQfj2UfWq6A2NllZnzn","43":"5NB0u5gWcwH1D6y3euVSKI","44":"6QV0jXpL3RHVkN2g8C7mvh","45":"0nJW01T7XtvILxQgC5J7Wh","46":"619bJQ9uDi8dnXzLebFI7y","47":"4lxkiaiUS7whrLxtXsWQ9O","48":"0RJWhctsc1G1Hg3Ov2th7x","49":"0uqPG793dkDDN7sCUJJIVC","50":"2oL0HIuo0cxIycDtJWbpuN","51":"2n6FX3Jcg4b4Leoz0GOqBF","52":"3hfN1wQSiLPa6b1RX5Kfbj","53":"3SQUu7BMxRJSBMQdTbN0P5","54":"6c1cQOxDKZhnfu19rclv6G","55":"7lFLDp65qRvCWOTFJ69ucj","56":"1eYTN19ZXz0i9iuIX2TD5U","57":"4qwwv9X32MXzVvGJSOil1u","58":"4Dq0qS9w7XCUxraeqtl9gN","59":"6kUhfT6FCZIsQDYhfyEyHx","60":"7rGMKCgeYXpBecQ1FPb3oc","61":"3yGTR7kHtHY4Ny8ENzuKLU","62":"0tuyEYTaqLxE41yGHSsXjy","63":"15yOoJ6KjB2945Nuzhdtey","64":"2Cf5XRbASN20F8dMkjKg3y","65":"7y9Xospz6eMMJBtqELet7d","66":"2PkeVPcL32LA96cK5ySC3c","67":"4DHkzbZSWxsCsvRoEzr28A","68":"3AJwUDP919kvQ9QcozQPxg","69":"2XSzHLq8gOJHFflQr6QCpM","70":"5RIaHNJa5MdqeixmViIiwy","71":"3JdcRs53aBDG20OiPBJO9g","72":"3GCL1PydwsLodcpv0Ll1ch","73":"4IoYz8XqqdowINzfRrFnhi","74":"4MSiPP89oZupNNq2CvjEeR","75":"6FZAc2XaVYc8G8jaDnBshv","76":"5Z3GHaZ6ec9bsiI5BenrbY","77":"6FfFX2rqP7AG0o07VC2Dac","78":"2jDnaEpQI6xjahWZzeVyaM","79":"4qzBepJAKtYu4T1GDtBZZc","80":"23tsPJxoPHeg4Lt211MRDb","81":"2m5GpVD2xNldhIlNjM5G3B","82":"2zSwsJyjrP0G8wUm0eiSuw","83":"7AvXrOVEVRcfXxme2wo6Im","84":"0pUOaT3hfXUFWuNONhGzdm","85":"5v7p4MOU2CNlcwzCPdk9Fu","86":"7nKQ5WAcjnG48knyLuo8gO","87":"4z8xFgX0Xq1T9xXomoDLJ2","88":"5wdamhyXg6oQX3pgIwho7K","89":"7FBsGvDK6948i1Rc5tXxHE","90":"2ujA6F1cpk3m8lsPE5aKua","91":"212belGQthhU26pCOF3EhQ","92":"7MirWQBco3ZiuwvcdYaNSe","93":"5pesNiBKAx8JNwK2mQ2HEc","94":"0pGHou9D7JTMKbMfOLKy50","95":"42tFTth2jcF7iSo0RBjfJF","96":"7N2nLFpfpkqJdpXIF0BVtM","97":"3vxgKOmAOVl11Csw4ehkmJ","98":"4kmp56RAtXEzHOANS0BaLX"},"title":{"0":"TT","1":"Turning","2":"Twenty-Three","3":"Tykky Interludium","4":"Umbrella","5":"Under The Stars","6":"Until You Were Gone","7":"unwanted","8":"Unwell - Remastered Version","9":"Unwritten","10":"Upside Down","11":"V","12":"Vent","13":"Versace On The Floor","14":"Viaduct","15":"visions","16":"Viva La Vida","17":"Voyage","18":"Wait","19":"Waiting For Winter","20":"Wake Me Up","21":"WAKE ME UP","22":"Wake Me Up When September Ends","23":"Wake Up Call","24":"Walk Thru Fire","25":"walnut","26":"Wanderlust","27":"Warriors","28":"Wasted","29":"Wave","30":"We Are Safe Here.","31":"We Found Love (feat. Rihanna)","32":"We Loved","33":"We're All We Need","34":"Wedding Dress","35":"Wedding Dress","36":"What 2 Do","37":"What 2 Do","38":"What 2 Do - Instrumental","39":"What Goes Around...\/...Comes Around (Interlude)","40":"What is Love?","41":"What Lovers Do (feat. SZA)","42":"What Makes You Beautiful","43":"What U do?","44":"Whatever It Takes","45":"When I Was Your Man","46":"When Love Takes Over (feat. Kelly Rowland)","47":"When the Summer Ends","48":"Whenever, Wherever","49":"Where Is The Love?","50":"Where'd U Go","51":"Wherever You Will Go","52":"WHISTLE","53":"WHISTLE (Acoustic Ver.)","54":"Why","55":"Wild Motion (Set It Free)","56":"Wildflower","57":"Wind","58":"winter faces","59":"Winter Lights","60":"Without You (feat. Usher)","61":"Without You (\uacb0\uad6d) [feat. ? of YG New Girl Group]","62":"Won't Go Home Without You","63":"Woozy","64":"The World Is Yours","65":"Yacht (K) [feat. Sik-K]","66":"Yeah!","67":"Years Of War","68":"Yellow","69":"Yellow","70":"YesPlease","71":"Yesterday","72":"You Belong With Me","73":"You Found Me","74":"You In Me","75":"You, Clouds, Rain (feat. Shin Yong Jae)","76":"Young Dumb & Broke","77":"\uacc1\uc5d0 \uc788\uc5b4\uc8fc\uae38 Stay with Me","78":"\ub098\uc758 \uc61b\ub0a0\uc774\uc57c\uae30 (Naui Yetnal Iyagi) : My old story","79":"\ub208,\ucf54,\uc785(Eyes, Noes, Lips)","80":"\ub2e4\ub978 \ub0a8\uc790 \ub9d0\uace0 \ub108 Only You","81":"\ub2e4\uc2dc Try","82":"\ub531 \uc88b\uc544(Just right)","83":"\ub7ec\uc2dc\uc548 \ub8f0\ub81b Russian Roulette","84":"\ubc84\ub824\uc9c4 \uc6b0\uc0b0 Broken Umbrella (feat. \ub9ac\uc0ac Lisa)","85":"\ubc84\ub9ac\uace0 (Let Go)","86":"\ube68\uac04 \ub9db Red Flavor","87":"\uc0ac\uc2e4\uc740 The Truth Is","88":"\uc0c1\ub0a8\uc790","89":"\uc6b0\ub9ac\uac00 \ube60\uc9c0\uba74 Party\uac00 \uc544\ub2c8\uc9c0 Ain\u2019t No Party Like an AOMG Party","90":"\uc804\uc57c \u524d\u591c The Eve","91":"\uc88b\uc544 Joah (Remastered)","92":"\uc911\ub3c5 Overdose","93":"\uc9c0\ub098\uac08 \ud14c\ub2c8 Been Through","94":"\uca54\uc5b4 DOPE","95":"\ud53c\uce74\ubd80 Peek-A-Boo","96":"\ud589\ubcf5 (Happiness)","97":"\u7121\u9650\u7684\u6211 \ubb34\ud55c\uc801\uc544; LIMITLESS","98":"\u82b1\uc694\uc77c Blooming Day"},"danceability":{"0":0.708,"1":0.667,"2":0.757,"3":0.721,"4":0.583,"5":0.707,"6":0.577,"7":0.683,"8":0.442,"9":0.706,"10":0.727,"11":0.83,"12":0.459,"13":0.578,"14":0.796,"15":0.714,"16":0.485,"17":0.743,"18":0.648,"19":0.525,"20":0.518,"21":0.368,"22":0.546,"23":0.639,"24":0.639,"25":0.796,"26":0.616,"27":0.365,"28":0.638,"29":0.636,"30":0.49,"31":0.738,"32":0.636,"33":0.565,"34":0.728,"35":0.728,"36":0.631,"37":0.629,"38":0.715,"39":0.687,"40":0.573,"41":0.792,"42":0.729,"43":0.526,"44":0.673,"45":0.612,"46":0.658,"47":0.683,"48":0.793,"49":0.835,"50":0.464,"51":0.555,"52":0.822,"53":0.842,"54":0.615,"55":0.579,"56":0.67,"57":0.859,"58":0.695,"59":0.749,"60":0.606,"61":0.6,"62":0.728,"63":0.803,"64":0.718,"65":0.726,"66":0.895,"67":0.52,"68":0.429,"69":0.296,"70":0.586,"71":0.633,"72":0.687,"73":0.338,"74":0.759,"75":0.509,"76":0.798,"77":0.608,"78":0.514,"79":0.631,"80":0.638,"81":0.682,"82":0.76,"83":0.726,"84":0.591,"85":0.636,"86":0.709,"87":0.536,"88":0.334,"89":0.634,"90":0.636,"91":0.524,"92":0.498,"93":0.629,"94":0.619,"95":0.839,"96":0.727,"97":0.614,"98":0.735},"energy":{"0":0.853,"1":0.491,"2":0.955,"3":0.175,"4":0.829,"5":0.303,"6":0.698,"7":0.254,"8":0.793,"9":0.801,"10":0.933,"11":0.569,"12":0.518,"13":0.574,"14":0.296,"15":0.121,"16":0.619,"17":0.204,"18":0.603,"19":0.731,"20":0.784,"21":0.512,"22":0.814,"23":0.949,"24":0.664,"25":0.0658,"26":0.681,"27":0.851,"28":0.816,"29":0.877,"30":0.284,"31":0.776,"32":0.473,"33":0.484,"34":0.669,"35":0.669,"36":0.526,"37":0.536,"38":0.314,"39":0.723,"40":0.91,"41":0.612,"42":0.771,"43":0.828,"44":0.676,"45":0.28,"46":0.863,"47":0.718,"48":0.832,"49":0.687,"50":0.637,"51":0.717,"52":0.712,"53":0.453,"54":0.879,"55":0.9,"56":0.139,"57":0.338,"58":0.43,"59":0.15,"60":0.612,"61":0.679,"62":0.62,"63":0.277,"64":0.728,"65":0.772,"66":0.795,"67":0.745,"68":0.661,"69":0.356,"70":0.497,"71":0.185,"72":0.783,"73":0.803,"74":0.921,"75":0.502,"76":0.539,"77":0.468,"78":0.285,"79":0.516,"80":0.767,"81":0.708,"82":0.781,"83":0.903,"84":0.616,"85":0.684,"86":0.917,"87":0.707,"88":0.948,"89":0.854,"90":0.702,"91":0.903,"92":0.917,"93":0.575,"94":0.889,"95":0.902,"96":0.871,"97":0.747,"98":0.736},"key":{"0":2,"1":3,"2":5,"3":7,"4":1,"5":7,"6":1,"7":3,"8":9,"9":5,"10":7,"11":10,"12":10,"13":2,"14":10,"15":8,"16":5,"17":5,"18":8,"19":0,"20":2,"21":10,"22":7,"23":4,"24":5,"25":6,"26":8,"27":4,"28":2,"29":7,"30":6,"31":1,"32":3,"33":3,"34":0,"35":0,"36":5,"37":5,"38":5,"39":7,"40":8,"41":5,"42":4,"43":6,"44":1,"45":0,"46":11,"47":0,"48":1,"49":5,"50":2,"51":2,"52":11,"53":1,"54":6,"55":6,"56":1,"57":10,"58":5,"59":4,"60":2,"61":11,"62":3,"63":0,"64":2,"65":10,"66":2,"67":11,"68":11,"69":8,"70":11,"71":0,"72":6,"73":8,"74":8,"75":1,"76":1,"77":5,"78":3,"79":0,"80":0,"81":2,"82":11,"83":7,"84":6,"85":3,"86":9,"87":10,"88":4,"89":11,"90":0,"91":11,"92":5,"93":6,"94":10,"95":1,"96":10,"97":5,"98":4},"loudness":{"0":-4.398,"1":-5.529,"2":-2.299,"3":-12.387,"4":-4.603,"5":-13.417,"6":-4.773,"7":-15.175,"8":-5.152,"9":-6.333,"10":-1.469,"11":-7.737,"12":-9.398,"13":-6.209,"14":-13.487,"15":-10.343,"16":-7.115,"17":-11.501,"18":-5.098,"19":-8.743,"20":-5.659,"21":-5.999,"22":-5.146,"23":-2.741,"24":-4.926,"25":-12.499,"26":-8.844,"27":-6.238,"28":-5.503,"29":-3.408,"30":-12.325,"31":-4.808,"32":-3.919,"33":-8.722,"34":-4.73,"35":-4.73,"36":-5.839,"37":-5.834,"38":-7.601,"39":-4.751,"40":-1.578,"41":-5.212,"42":-2.451,"43":-3.82,"44":-5.002,"45":-8.648,"46":-4.64,"47":-7.113,"48":-4.861,"49":-3.18,"50":-4.37,"51":-5.114,"52":-4.877,"53":-5.942,"54":-3.275,"55":-3.733,"56":-11.068,"57":-11.095,"58":-15.279,"59":-18.684,"60":-3.676,"61":-6.894,"62":-3.735,"63":-9.205,"64":-6.311,"65":-4.373,"66":-4.693,"67":-5.062,"68":-7.227,"69":-10.904,"70":-9.972,"71":-14.68,"72":-4.44,"73":-5.412,"74":-2.533,"75":-6.972,"76":-6.351,"77":-5.974,"78":-8.678,"79":-5.759,"80":-3.155,"81":-5.466,"82":-2.881,"83":-2.277,"84":-8.074,"85":-3.884,"86":-3.315,"87":-7.086,"88":-2.257,"89":-5.057,"90":-5.352,"91":-4.197,"92":-1.797,"93":-5.763,"94":-3.108,"95":-3.612,"96":-3.099,"97":-5.655,"98":-3.266},"mode":{"0":1,"1":1,"2":0,"3":1,"4":1,"5":0,"6":1,"7":1,"8":1,"9":1,"10":1,"11":1,"12":0,"13":1,"14":0,"15":1,"16":0,"17":0,"18":1,"19":1,"20":1,"21":1,"22":1,"23":0,"24":1,"25":1,"26":1,"27":0,"28":1,"29":1,"30":0,"31":1,"32":1,"33":1,"34":1,"35":1,"36":0,"37":0,"38":0,"39":1,"40":1,"41":0,"42":1,"43":1,"44":1,"45":1,"46":1,"47":1,"48":0,"49":1,"50":1,"51":1,"52":1,"53":0,"54":0,"55":1,"56":1,"57":1,"58":1,"59":1,"60":1,"61":1,"62":1,"63":0,"64":1,"65":0,"66":1,"67":1,"68":1,"69":1,"70":1,"71":1,"72":1,"73":0,"74":0,"75":0,"76":1,"77":0,"78":1,"79":1,"80":1,"81":1,"82":0,"83":0,"84":1,"85":1,"86":1,"87":0,"88":0,"89":1,"90":0,"91":1,"92":0,"93":0,"94":0,"95":0,"96":0,"97":0,"98":0},"acousticness":{"0":0.0525,"1":0.103,"2":0.0168,"3":0.87,"4":0.00864,"5":0.155,"6":0.0541,"7":0.553,"8":0.0456,"9":0.00577,"10":0.0609,"11":0.419,"12":0.513,"13":0.196,"14":0.657,"15":0.638,"16":0.0941,"17":0.102,"18":0.0803,"19":0.0534,"20":0.00346,"21":0.0302,"22":0.023,"23":0.0289,"24":0.329,"25":0.804,"26":0.439,"27":0.0964,"28":0.00149,"29":0.0135,"30":0.332,"31":0.0234,"32":0.772,"33":0.744,"34":0.122,"35":0.122,"36":0.213,"37":0.206,"38":0.0627,"39":0.122,"40":0.0846,"41":0.0805,"42":0.00761,"43":0.00773,"44":0.0355,"45":0.932,"46":0.0144,"47":0.0542,"48":0.265,"49":0.101,"50":0.0302,"51":0.0414,"52":0.00682,"53":0.832,"54":0.0702,"55":0.0207,"56":0.928,"57":0.152,"58":0.335,"59":0.824,"60":0.211,"61":0.0311,"62":0.0152,"63":0.222,"64":0.0608,"65":0.451,"66":0.0219,"67":0.00704,"68":0.00239,"69":0.197,"70":0.757,"71":0.945,"72":0.162,"73":0.0187,"74":0.0796,"75":0.765,"76":0.199,"77":0.578,"78":0.768,"79":0.738,"80":0.0527,"81":0.452,"82":0.233,"83":0.055,"84":0.00512,"85":0.165,"86":0.0409,"87":0.158,"88":0.00289,"89":0.0218,"90":0.0223,"91":0.382,"92":0.0615,"93":0.235,"94":0.0483,"95":0.0868,"96":0.323,"97":0.00934,"98":0.00511},"instrumentalness":{"0":0.000173,"1":0.565,"2":0.0,"3":0.902,"4":0.0,"5":0.721,"6":0.0,"7":0.881,"8":0.0,"9":0.0,"10":0.0,"11":0.0,"12":0.219,"13":0.0,"14":0.829,"15":0.904,"16":0.00000331,"17":0.9,"18":0.0,"19":0.817,"20":0.00187,"21":0.0,"22":0.0,"23":0.0,"24":0.00000153,"25":0.951,"26":0.0162,"27":0.003,"28":0.00115,"29":0.0,"30":0.713,"31":0.0018,"32":0.0,"33":0.000333,"34":0.0,"35":0.0,"36":0.0,"37":0.0,"38":0.817,"39":0.00102,"40":0.0,"41":0.00000383,"42":0.0,"43":0.0,"44":0.0,"45":0.0,"46":0.000193,"47":0.00197,"48":0.00000684,"49":0.0,"50":0.0000337,"51":0.0,"52":0.0,"53":0.0,"54":0.0,"55":0.00648,"56":0.949,"57":0.898,"58":0.92,"59":0.864,"60":0.0000037,"61":0.0,"62":0.0,"63":0.74,"64":0.657,"65":0.0,"66":0.0,"67":0.00238,"68":0.00013,"69":0.00000216,"70":0.838,"71":0.868,"72":0.0000135,"73":0.0,"74":0.000111,"75":0.0,"76":0.0000166,"77":0.0,"78":0.00003,"79":0.0,"80":0.0,"81":0.0,"82":0.0,"83":0.000225,"84":0.278,"85":0.0,"86":0.0,"87":0.0,"88":0.0,"89":0.0,"90":0.0,"91":0.0,"92":0.0,"93":0.0,"94":0.0,"95":0.00257,"96":0.00000621,"97":0.0,"98":0.0},"liveness":{"0":0.399,"1":0.329,"2":0.0817,"3":0.107,"4":0.0426,"5":0.124,"6":0.131,"7":0.589,"8":0.328,"9":0.0822,"10":0.253,"11":0.156,"12":0.171,"13":0.083,"14":0.0955,"15":0.0967,"16":0.109,"17":0.112,"18":0.112,"19":0.301,"20":0.171,"21":0.114,"22":0.0972,"23":0.0855,"24":0.382,"25":0.105,"26":0.131,"27":0.238,"28":0.195,"29":0.467,"30":0.0951,"31":0.0775,"32":0.0933,"33":0.412,"34":0.129,"35":0.129,"36":0.329,"37":0.329,"38":0.361,"39":0.573,"40":0.266,"41":0.0852,"42":0.087,"43":0.296,"44":0.107,"45":0.088,"46":0.2,"47":0.168,"48":0.207,"49":0.132,"50":0.0876,"51":0.116,"52":0.0955,"53":0.0932,"54":0.0581,"55":0.119,"56":0.0947,"57":0.104,"58":0.0645,"59":0.0725,"60":0.128,"61":0.338,"62":0.227,"63":0.12,"64":0.1,"65":0.195,"66":0.0403,"67":0.119,"68":0.234,"69":0.0987,"70":0.113,"71":0.127,"72":0.114,"73":0.136,"74":0.325,"75":0.396,"76":0.165,"77":0.108,"78":0.232,"79":0.264,"80":0.276,"81":0.125,"82":0.106,"83":0.158,"84":0.898,"85":0.112,"86":0.0839,"87":0.211,"88":0.321,"89":0.115,"90":0.293,"91":0.119,"92":0.358,"93":0.0935,"94":0.324,"95":0.272,"96":0.725,"97":0.0337,"98":0.165},"valence":{"0":0.399,"1":0.763,"2":0.968,"3":0.632,"4":0.575,"5":0.226,"6":0.324,"7":0.253,"8":0.437,"9":0.63,"10":0.913,"11":0.858,"12":0.224,"13":0.301,"14":0.26,"15":0.444,"16":0.416,"17":0.435,"18":0.488,"19":0.0385,"20":0.588,"21":0.182,"22":0.146,"23":0.964,"24":0.351,"25":0.96,"26":0.466,"27":0.309,"28":0.386,"29":0.44,"30":0.142,"31":0.608,"32":0.401,"33":0.115,"34":0.707,"35":0.707,"36":0.547,"37":0.556,"38":0.768,"39":0.432,"40":0.602,"41":0.42,"42":0.873,"43":0.663,"44":0.57,"45":0.387,"46":0.496,"47":0.482,"48":0.865,"49":0.828,"50":0.281,"51":0.374,"52":0.647,"53":0.647,"54":0.315,"55":0.514,"56":0.658,"57":0.278,"58":0.103,"59":0.132,"60":0.477,"61":0.327,"62":0.453,"63":0.388,"64":0.859,"65":0.778,"66":0.574,"67":0.208,"68":0.285,"69":0.218,"70":0.452,"71":0.155,"72":0.443,"73":0.4,"74":0.528,"75":0.341,"76":0.394,"77":0.495,"78":0.177,"79":0.254,"80":0.406,"81":0.508,"82":0.736,"83":0.958,"84":0.325,"85":0.48,"86":0.515,"87":0.684,"88":0.43,"89":0.392,"90":0.516,"91":0.731,"92":0.652,"93":0.239,"94":0.622,"95":0.639,"96":0.681,"97":0.538,"98":0.813},"tempo":{"0":129.946,"1":119.992,"2":122.952,"3":80.965,"4":174.028,"5":139.03,"6":128.061,"7":114.924,"8":80.985,"9":100.013,"10":140.121,"11":129.968,"12":77.703,"13":174.152,"14":75.071,"15":81.026,"16":138.017,"17":172.137,"18":126.116,"19":135.008,"20":124.102,"21":156.468,"22":104.98,"23":164.054,"24":116.028,"25":79.935,"26":83.917,"27":78.068,"28":112.014,"29":128.059,"30":84.001,"31":127.984,"32":85.107,"33":127.011,"34":133.961,"35":133.961,"36":95.074,"37":95.137,"38":95.024,"39":76.0,"40":169.982,"41":109.959,"42":125.011,"43":110.182,"44":134.944,"45":72.795,"46":129.972,"47":107.979,"48":107.647,"49":94.059,"50":186.1,"51":112.03,"52":102.874,"53":103.038,"54":105.026,"55":124.983,"56":91.054,"57":82.074,"58":138.039,"59":77.991,"60":127.882,"61":123.991,"62":110.023,"63":74.562,"64":175.892,"65":80.017,"66":105.004,"67":109.988,"68":173.365,"69":186.311,"70":79.525,"71":77.223,"72":129.964,"73":151.994,"74":96.025,"75":79.16,"76":136.949,"77":121.959,"78":129.943,"79":143.777,"80":168.076,"81":89.974,"82":95.97,"83":129.986,"84":112.839,"85":99.934,"86":125.042,"87":77.074,"88":83.036,"89":90.916,"90":135.104,"91":171.87,"92":112.357,"93":136.053,"94":77.058,"95":114.953,"96":121.438,"97":78.216,"98":117.975},"duration_ms":{"0":212991,"1":267920,"2":194325,"3":50509,"4":275987,"5":200252,"6":215625,"7":131495,"8":237267,"9":259333,"10":221152,"11":227041,"12":164936,"13":261240,"14":131250,"15":114074,"16":242373,"17":139275,"18":190643,"19":290000,"20":247427,"21":199458,"22":285653,"23":201307,"24":194483,"25":80000,"26":157143,"27":170067,"28":190014,"29":183750,"30":131163,"31":215520,"32":194627,"33":262427,"34":242747,"35":242747,"36":224099,"37":224099,"38":225780,"39":448573,"40":208238,"41":199849,"42":198053,"43":221349,"44":201601,"45":213827,"46":189000,"47":206520,"48":197027,"49":272533,"50":184556,"51":208507,"52":211696,"53":212480,"54":207777,"55":334787,"56":147584,"57":187500,"58":163478,"59":160000,"60":208135,"61":242677,"62":231173,"63":90201,"64":100980,"65":246285,"66":250067,"67":236053,"68":266773,"69":248753,"70":173124,"71":154125,"72":231133,"73":241853,"74":203982,"75":205312,"76":202547,"77":209634,"78":213917,"79":229990,"80":198009,"81":210573,"82":222399,"83":211244,"84":321147,"85":220780,"86":191139,"87":236919,"88":230818,"89":277510,"90":176026,"91":230086,"92":205612,"93":218090,"94":240021,"95":189050,"96":220987,"97":247467,"98":199846},"time_signature":{"0":4,"1":4,"2":4,"3":4,"4":4,"5":4,"6":4,"7":4,"8":4,"9":4,"10":4,"11":4,"12":4,"13":4,"14":4,"15":4,"16":4,"17":4,"18":4,"19":4,"20":4,"21":4,"22":4,"23":4,"24":4,"25":4,"26":4,"27":4,"28":4,"29":4,"30":4,"31":4,"32":4,"33":4,"34":4,"35":4,"36":4,"37":4,"38":4,"39":4,"40":4,"41":4,"42":4,"43":4,"44":4,"45":4,"46":4,"47":4,"48":4,"49":4,"50":4,"51":4,"52":4,"53":4,"54":4,"55":4,"56":4,"57":4,"58":4,"59":4,"60":4,"61":4,"62":4,"63":4,"64":4,"65":4,"66":4,"67":4,"68":4,"69":4,"70":4,"71":4,"72":4,"73":4,"74":4,"75":4,"76":4,"77":4,"78":4,"79":4,"80":4,"81":4,"82":4,"83":4,"84":4,"85":3,"86":4,"87":4,"88":4,"89":4,"90":4,"91":4,"92":5,"93":4,"94":4,"95":4,"96":4,"97":4,"98":4},"num_bars":{"0":112,"1":133,"2":97,"3":16,"4":198,"5":115,"6":113,"7":61,"8":79,"9":105,"10":128,"11":120,"12":51,"13":186,"14":39,"15":37,"16":138,"17":98,"18":97,"19":165,"20":126,"21":112,"22":123,"23":137,"24":92,"25":25,"26":53,"27":55,"28":86,"29":98,"30":45,"31":113,"32":67,"33":139,"34":133,"35":133,"36":88,"37":87,"38":87,"39":141,"40":146,"41":90,"42":101,"43":100,"44":113,"45":61,"46":101,"47":91,"48":86,"49":105,"50":143,"51":94,"52":89,"53":91,"54":88,"55":174,"56":54,"57":61,"58":91,"59":52,"60":109,"61":125,"62":103,"63":27,"64":72,"65":80,"66":108,"67":107,"68":190,"69":183,"70":56,"71":48,"72":123,"73":151,"74":80,"75":65,"76":113,"77":104,"78":114,"79":135,"80":139,"81":78,"82":87,"83":112,"84":149,"85":121,"86":99,"87":76,"88":87,"89":104,"90":99,"91":163,"92":111,"93":119,"94":76,"95":88,"96":108,"97":79,"98":97},"num_sections":{"0":9,"1":9,"2":9,"3":3,"4":15,"5":10,"6":10,"7":6,"8":6,"9":11,"10":10,"11":10,"12":6,"13":13,"14":6,"15":5,"16":11,"17":7,"18":8,"19":11,"20":12,"21":6,"22":9,"23":8,"24":9,"25":4,"26":4,"27":8,"28":11,"29":7,"30":7,"31":12,"32":10,"33":9,"34":11,"35":11,"36":6,"37":5,"38":8,"39":18,"40":10,"41":8,"42":9,"43":8,"44":9,"45":9,"46":9,"47":9,"48":10,"49":8,"50":8,"51":7,"52":12,"53":11,"54":9,"55":12,"56":7,"57":4,"58":6,"59":6,"60":12,"61":10,"62":11,"63":4,"64":6,"65":8,"66":12,"67":9,"68":13,"69":13,"70":8,"71":8,"72":10,"73":8,"74":11,"75":10,"76":11,"77":8,"78":13,"79":10,"80":10,"81":9,"82":10,"83":9,"84":15,"85":8,"86":10,"87":12,"88":7,"89":10,"90":10,"91":12,"92":10,"93":11,"94":11,"95":10,"96":10,"97":9,"98":10},"num_segments":{"0":865,"1":1144,"2":801,"3":211,"4":1045,"5":827,"6":709,"7":492,"8":764,"9":1019,"10":954,"11":995,"12":664,"13":985,"14":445,"15":381,"16":760,"17":474,"18":795,"19":1122,"20":955,"21":664,"22":808,"23":830,"24":745,"25":311,"26":540,"27":479,"28":736,"29":702,"30":472,"31":847,"32":625,"33":874,"34":950,"35":950,"36":752,"37":749,"38":839,"39":1872,"40":825,"41":831,"42":690,"43":811,"44":757,"45":630,"46":782,"47":813,"48":856,"49":1135,"50":680,"51":646,"52":850,"53":813,"54":797,"55":1372,"56":624,"57":667,"58":698,"59":545,"60":735,"61":846,"62":700,"63":250,"64":408,"65":1065,"66":894,"67":688,"68":754,"69":667,"70":836,"71":454,"72":738,"73":694,"74":799,"75":721,"76":725,"77":783,"78":626,"79":784,"80":744,"81":792,"82":931,"83":840,"84":1307,"85":786,"86":754,"87":973,"88":863,"89":1270,"90":664,"91":959,"92":878,"93":699,"94":931,"95":821,"96":923,"97":999,"98":906},"class":{"0":1,"1":1,"2":1,"3":1,"4":1,"5":1,"6":1,"7":1,"8":1,"9":1,"10":1,"11":1,"12":1,"13":1,"14":1,"15":1,"16":1,"17":1,"18":1,"19":1,"20":1,"21":1,"22":1,"23":1,"24":1,"25":1,"26":1,"27":1,"28":1,"29":1,"30":1,"31":1,"32":1,"33":1,"34":1,"35":1,"36":1,"37":1,"38":1,"39":1,"40":1,"41":1,"42":1,"43":1,"44":1,"45":1,"46":1,"47":1,"48":1,"49":1,"50":1,"51":1,"52":1,"53":1,"54":1,"55":1,"56":1,"57":1,"58":1,"59":1,"60":1,"61":1,"62":1,"63":1,"64":1,"65":1,"66":1,"67":1,"68":1,"69":1,"70":1,"71":1,"72":1,"73":1,"74":1,"75":1,"76":1,"77":1,"78":1,"79":1,"80":1,"81":1,"82":1,"83":1,"84":1,"85":1,"86":1,"87":1,"88":1,"89":1,"90":1,"91":1,"92":1,"93":1,"94":1,"95":1,"96":1,"97":1,"98":1}}