{"id":{"0":"2S4knKzj79j0LQQDyOqkBM","1":"7cg9Dl8Erx5V0fIAHcP0XX","2":"4jTiyLlOJVJj3mCr7yfPQD","3":"15kQGEy89K8deJcZVFEn0N","4":"3o37M5aX3HVbbVBkacJlXj","5":"34DFpyq5NJJ79GnGbbJH3p","6":"4YAH2RzSQ78Oz8lqL9CS13","7":"7kCXmYJeltdnCMMsfwaCsf","8":"1Ci4wASMY4xtKVMeHA6Sd5","9":"74cVJfmK18rhWnscIpGXjt","10":"4hFV8xf1MD6Tmg2g0XltTY","11":"7sw49gd22TmoSW3sMGuHbn","12":"11Yt0sD0Di5O8g28Yy3BqJ","13":"69iaaF0VAWOciXqJ2wfe54","14":"1oRRLczVT5KkZkPHXG70n7","15":"5VyJGb6l6rY8bBZH2RC6XD","16":"4SYUUlkScpNR1QvPscXf8t","17":"53yqxU2EKKzbuQZEUEVtxc","18":"1Oecly0uG21PVKyb0vbQlI","19":"7xh6QVpNDQENp9HQ8WDTJ9","20":"42NUrjx6cy23vTp2JyUawT","21":"4cxKwt0mdy35povvGlyirE","22":"3JcWvMyzJ5dfBETj5UI55b","23":"12McOKZFA99MfHuM9Yep4n","24":"2dUsRyWA0L3ljizcZFVNHr","25":"35bGZ0hG27HIz9ZnTGNr7N","26":"4DyBx5MYoq8RsU33cEAIxT","27":"6k9LjGlCmfDUxADPlrHqoe","28":"6XTetcNx1W6CKG0lSSnvrq","29":"5hwUsRKvnO5yThjVrxHQVt","30":"1tCUbUj4dVK485qo9yy4jt","31":"30MM5jWpUmOxtTNd9Ey5LZ","32":"5h1mm1R9Jy531CbvptILX7","33":"3z1M3nvvKkchcUr4OjlMLP","34":"27P4XoNXXEV4lTc3sB61RK","35":"1x6Zk7hoTIlSOFNZnyxjZD","36":"1x6Zk7hoTIlSOFNZnyxjZD","37":"7AENvJ2HOecR4SXMriTcWW","38":"0uEcq2M8cSebN7UuvRYNQk","39":"5znIVOv7RucpCHGkbonySq","40":"7lc4fOtaWt59SrqfJHXZkW","41":"3xdjjKMcMOFgo1eQrfbogM","42":"3q4uqM3vBuYRD9Oq4tLVJu","43":"0p1BcEcYVO3uk4KDf3gzkY","44":"6dHhYhhpzSzMj3AxWtMHjh","45":"4GDhJN2w2fLMovXBvjWywV","46":"764eYErWFRa5hr0IhXMvFO","47":"4B8T2F8aKcuMW6EmNnbMY9","48":"7wO1SGOue1lTuTzmXsp6vm","49":"3UbBCQJ0SI9QDgtTY4lEHY","50":"6xgwCB4znowrDRVxUZCnDc","51":"7LLJoOUTcfaZDrFTZgmtE3","52":"2zKclUQfIuUP5AetP3Sk7A","53":"3g9OCNXY2aSbGRQGY17qVE","54":"7zVCrzzEJU7u24sbJPXA5W","55":"3bDXhWsPiFTHtrsMg5faL2","56":"3yplsfpJxafV8aRe1XA7yL","57":"1cG3sQOVItzKsvHzkCzuke","58":"4E2k1wekkOkcxevr2PJGUd","59":"1mMLMZYXkMueg65jRRWG1l","60":"0AaJoyA8WDFfTSFCVLOoU2","61":"3z08d5wXO54ot89xVQgxqO","62":"3udBXFdn4arqp21eHqTthN","63":"6eT7xZZlB2mwyzJ2sUKG6w","64":"6pqleSjOGb4XP9tjU7IwCv","65":"3LR0t8XqZ1FUj6nj01sXN0","66":"3nQ0xv2TIH8fGfoZLEizk4","67":"2BSmFdJibi06a831uIeGNA","68":"6WlxcZKpEV6Bwe9InoVhMp","69":"0CVHJRneWfL2y3EE2mMYKA","70":"5ZgcWJBIlLQNaxsWfcmF7e","71":"33tNYw9oMtSkGe27NpgS64","72":"5APWbHdwUCA08ZLl0meDCh","73":"7su9EcwXJVIw5tXGWtaIQc","74":"6usHXaTn54uwwozmH00d3X","75":"2A69wys3S9uiPSmn6UZWJn","76":"55OdqrG8WLmsYyY1jijD9b","77":"0BQrLEaZ9Y618LSOP1maf7","78":"0FYdwymmYT0Cpm8Q9U7meg","79":"2Cby9QLsraYQ5Thh7GbxIh","80":"4vZholApktjICOlbFVhls9","81":"1wsf1YFQSYND45y0GzJmf7","82":"6vN77lE9LK6HP2DewaN6HZ","83":"0cmAlBV4dvOmt1GPtYigtU","84":"1iRdVQ01qr3HrCrBNnTnGh","85":"7lAK3oHbfEnvUQWosrMMpR","86":"4wwZnclbrUX7EBGfkFclmP","87":"2EIN7py5tqzh0BTTMDBCe6","88":"3EKf2In4cfHHJwYpAkGccy","89":"6EGAfJaLUFzhS4zRBIEQ2J","90":"2WaYW84yWij5NSCpgSeU2R","91":"494NO14SgIot2L5fdCmGh4","92":"6pVZR38m2UcizxA6YAnkw4","93":"3K1FNPp9ADkE4ouWez9du2","94":"0NjsbK1Uk2FdMmLH87AH7X","95":"4U5DDEuYdoMm4Xv9yklrWu","96":"0FOttmcxs2gtOhUHB9SmM3","97":"7l3E7lcozEodtVsSTCkcaA","98":"2tbIldU1Cfdpat40wyJKkn"},"title":{"0":"Testimony","1":"That's On Me (Remix) (feat. 2 Chainz, T.I., Rich The Kid, Jeezy, Boosie Badazz & Trapboy Freddy)","2":"This Could Be Us","3":"This Feeling (feat. Kelsea Ballerini)","4":"This Girl","5":"This Is It","6":"Thot Thot","7":"Thought About You","8":"through the late night","9":"Thru Your Phone","10":"Thug","11":"Thumka","12":"Ticket To L.A.","13":"Tip Tip - From \"Lockdown\"","14":"To a T","15":"To The Aisle","16":"Too Young","17":"Top Of The World","18":"Toronto","19":"Trapped","20":"Trending Nakhra","21":"Trust Issues","22":"Try Me (feat. Young Thug)","23":"Tumi Amar","24":"Turbulence","25":"Turn Me on (Remix) [feat. Mumzy Stranger & Raxstar]","26":"Twerk (feat. Cardi B)","27":"Two","28":"Um Yea","29":"Unbothered","30":"Under Grass and Clover","31":"Unforgettable","32":"Unforgettable","33":"Untethered Angel","34":"Up To Something (feat. Travis Scott & Young Thug)","35":"Upper Echelon","36":"Upper Echelon","37":"Used To Missin\u2019 You","38":"Venus","39":"The Void","40":"Vultures","41":"Wagon Wheel","42":"Wannabe","43":"Wanted","44":"War","45":"Washpoppin","46":"Wasteland","47":"Wat U On (feat. Gunna)","48":"We Belong Together","49":"We Outta Here! (feat. Young Nudy)","50":"Wet","51":"What a Girl Likes","52":"What Do You Want","53":"What Happens In A Small Town","54":"What Ifs","55":"What Makes You Country","56":"What We Gonna Do About It","57":"What's Mine Is Yours","58":"What's Next (feat. GENIUS & Nessly)","59":"When It Rains It Pours","60":"Where You Want Me","61":"Whiskey Glasses","62":"Whiskey Glasses","63":"White Iverson","64":"Who Put The Bomp (In The Bomp Bomp Bomp) - 2004 Remastered Version","65":"Who Want The Smoke?","66":"Why I Don't Drink","67":"Why They Mad","68":"WIFI LIT","69":"Wonder Woman","70":"Word","71":"WORKIN ME","72":"Worth It","73":"Wrecks Me","74":"Written in the Sand","75":"Written in the Sand","76":"Wyclef Jean","77":"Ya Baba","78":"Yaara","79":"Yarri Yeah (feat. Nani Anjali)","80":"Yea!!","81":"Yes Indeed","82":"Yes Indeed","83":"YKWTFGO","84":"Yoppa (with BlocBoy JB)","85":"YOSEMITE","86":"You Ain't Here To Kiss Me","87":"You Are","88":"You Belong to My Heart","89":"You Make It Easy","90":"You Make Me Feel So Young - Remastered 1998","91":"You Mean Everything to Me","92":"You'll Never Never Know","93":"You're In It","94":"Young Love - 1961 Album Version","95":"Yours","96":"YTL Yaar Tera LIT","97":"ZEZE (feat. Travis Scott & Offset)","98":"Zone 6 (Remix) (feat. Future & 6LACK)"},"danceability":{"0":0.761,"1":0.827,"2":0.718,"3":0.575,"4":0.547,"5":0.557,"6":0.823,"7":0.563,"8":0.744,"9":0.837,"10":0.781,"11":0.778,"12":0.554,"13":0.692,"14":0.687,"15":0.323,"16":0.602,"17":0.48,"18":0.669,"19":0.787,"20":0.712,"21":0.785,"22":0.596,"23":0.612,"24":0.714,"25":0.689,"26":0.788,"27":0.792,"28":0.944,"29":0.884,"30":0.429,"31":0.663,"32":0.286,"33":0.221,"34":0.799,"35":0.788,"36":0.788,"37":0.683,"38":0.589,"39":0.571,"40":0.332,"41":0.529,"42":0.672,"43":0.421,"44":0.439,"45":0.562,"46":0.489,"47":0.835,"48":0.684,"49":0.972,"50":0.885,"51":0.835,"52":0.551,"53":0.496,"54":0.612,"55":0.513,"56":0.558,"57":0.633,"58":0.913,"59":0.551,"60":0.749,"61":0.612,"62":0.612,"63":0.675,"64":0.582,"65":0.899,"66":0.428,"67":0.689,"68":0.884,"69":0.723,"70":0.669,"71":0.79,"72":0.544,"73":0.476,"74":0.725,"75":0.725,"76":0.863,"77":0.812,"78":0.783,"79":0.665,"80":0.955,"81":0.964,"82":0.964,"83":0.944,"84":0.814,"85":0.785,"86":0.535,"87":0.571,"88":0.455,"89":0.375,"90":0.577,"91":0.38,"92":0.556,"93":0.582,"94":0.516,"95":0.568,"96":0.581,"97":0.861,"98":0.858},"energy":{"0":0.667,"1":0.623,"2":0.692,"3":0.571,"4":0.79,"5":0.511,"6":0.521,"7":0.745,"8":0.589,"9":0.549,"10":0.71,"11":0.801,"12":0.828,"13":0.685,"14":0.641,"15":0.273,"16":0.635,"17":0.98,"18":0.585,"19":0.849,"20":0.696,"21":0.548,"22":0.546,"23":0.858,"24":0.644,"25":0.726,"26":0.841,"27":0.477,"28":0.494,"29":0.445,"30":0.949,"31":0.738,"32":0.31,"33":0.944,"34":0.616,"35":0.617,"36":0.617,"37":0.737,"38":0.491,"39":0.954,"40":0.841,"41":0.663,"42":0.666,"43":0.476,"44":0.958,"45":0.637,"46":0.926,"47":0.468,"48":0.247,"49":0.322,"50":0.636,"51":0.783,"52":0.367,"53":0.775,"54":0.799,"55":0.949,"56":0.767,"57":0.683,"58":0.445,"59":0.801,"60":0.556,"61":0.671,"62":0.681,"63":0.562,"64":0.517,"65":0.751,"66":0.429,"67":0.637,"68":0.579,"69":0.704,"70":0.775,"71":0.629,"72":0.49,"73":0.841,"74":0.437,"75":0.437,"76":0.576,"77":0.646,"78":0.785,"79":0.7,"80":0.759,"81":0.346,"82":0.346,"83":0.721,"84":0.495,"85":0.554,"86":0.662,"87":0.611,"88":0.387,"89":0.574,"90":0.306,"91":0.448,"92":0.458,"93":0.885,"94":0.296,"95":0.796,"96":0.82,"97":0.637,"98":0.406},"key":{"0":6,"1":4,"2":5,"3":1,"4":4,"5":8,"6":0,"7":2,"8":5,"9":0,"10":1,"11":5,"12":9,"13":10,"14":11,"15":5,"16":4,"17":4,"18":6,"19":11,"20":1,"21":2,"22":2,"23":10,"24":4,"25":4,"26":4,"27":7,"28":2,"29":1,"30":6,"31":7,"32":2,"33":1,"34":1,"35":2,"36":2,"37":6,"38":10,"39":2,"40":2,"41":9,"42":11,"43":0,"44":9,"45":2,"46":11,"47":1,"48":5,"49":1,"50":7,"51":2,"52":5,"53":11,"54":10,"55":0,"56":4,"57":3,"58":1,"59":6,"60":6,"61":6,"62":6,"63":7,"64":5,"65":11,"66":6,"67":1,"68":2,"69":11,"70":2,"71":8,"72":5,"73":8,"74":6,"75":6,"76":5,"77":10,"78":0,"79":8,"80":7,"81":5,"82":5,"83":11,"84":9,"85":0,"86":0,"87":5,"88":8,"89":7,"90":9,"91":0,"92":1,"93":11,"94":0,"95":11,"96":3,"97":8,"98":9},"loudness":{"0":-4.786,"1":-6.199,"2":-5.06,"3":-7.906,"4":-5.001,"5":-6.788,"6":-9.029,"7":-4.753,"8":-1.218,"9":-5.722,"10":-3.683,"11":-6.456,"12":-6.552,"13":-8.251,"14":-5.814,"15":-10.152,"16":-6.526,"17":-4.436,"18":-6.911,"19":-7.566,"20":-4.778,"21":-8.254,"22":-8.42,"23":-3.653,"24":-7.439,"25":-5.758,"26":-4.006,"27":-6.472,"28":-6.325,"29":-10.58,"30":-7.673,"31":-5.48,"32":-12.368,"33":-5.337,"34":-8.809,"35":-4.516,"36":-4.516,"37":-6.273,"38":-12.482,"39":-3.399,"40":-6.888,"41":-7.138,"42":-5.116,"43":-7.692,"44":-4.236,"45":-9.655,"46":-6.116,"47":-6.97,"48":-13.71,"49":-5.31,"50":-5.886,"51":-6.854,"52":-9.24,"53":-5.304,"54":-4.603,"55":-1.723,"56":-4.561,"57":-6.326,"58":-10.507,"59":-5.069,"60":-6.502,"61":-4.448,"62":-4.478,"63":-7.678,"64":-9.325,"65":-4.063,"66":-6.815,"67":-7.921,"68":-6.847,"69":-4.909,"70":-5.254,"71":-4.055,"72":-4.627,"73":-3.607,"74":-9.602,"75":-9.602,"76":-5.687,"77":-7.257,"78":-5.056,"79":-4.475,"80":-4.437,"81":-9.309,"82":-9.309,"83":-6.502,"84":-7.405,"85":-6.571,"86":-6.538,"87":-7.099,"88":-10.457,"89":-5.305,"90":-11.559,"91":-7.815,"92":-7.322,"93":-5.45,"94":-12.202,"95":-5.308,"96":-3.697,"97":-5.692,"98":-9.404},"mode":{"0":0,"1":0,"2":0,"3":1,"4":1,"5":1,"6":0,"7":1,"8":0,"9":1,"10":0,"11":1,"12":1,"13":0,"14":1,"15":1,"16":0,"17":1,"18":0,"19":0,"20":0,"21":1,"22":1,"23":0,"24":0,"25":0,"26":0,"27":1,"28":1,"29":0,"30":1,"31":1,"32":0,"33":1,"34":1,"35":1,"36":1,"37":1,"38":1,"39":0,"40":0,"41":1,"42":1,"43":1,"44":0,"45":1,"46":0,"47":1,"48":1,"49":1,"50":0,"51":1,"52":1,"53":1,"54":1,"55":1,"56":0,"57":0,"58":0,"59":1,"60":1,"61":1,"62":1,"63":1,"64":1,"65":0,"66":1,"67":0,"68":1,"69":1,"70":0,"71":1,"72":1,"73":0,"74":1,"75":1,"76":0,"77":0,"78":0,"79":0,"80":0,"81":0,"82":0,"83":1,"84":0,"85":1,"86":1,"87":1,"88":1,"89":1,"90":1,"91":0,"92":1,"93":1,"94":1,"95":1,"96":0,"97":0,"98":1},"acousticness":{"0":0.0365,"1":0.0193,"2":0.275,"3":0.0558,"4":0.0214,"5":0.254,"6":0.0752,"7":0.24,"8":0.36,"9":0.17,"10":0.00888,"11":0.0284,"12":0.00524,"13":0.545,"14":0.17,"15":0.91,"16":0.271,"17":0.00115,"18":0.0135,"19":0.456,"20":0.323,"21":0.0778,"22":0.0146,"23":0.631,"24":0.033,"25":0.0859,"26":0.122,"27":0.0496,"28":0.017,"29":0.222,"30":0.0000194,"31":0.032,"32":0.807,"33":0.0000398,"34":0.319,"35":0.0448,"36":0.0448,"37":0.0337,"38":0.674,"39":0.000432,"40":0.0000334,"41":0.456,"42":0.425,"43":0.268,"44":0.00000432,"45":0.0767,"46":0.00125,"47":0.029,"48":0.872,"49":0.0072,"50":0.0018,"51":0.00893,"52":0.758,"53":0.000927,"54":0.00898,"55":0.0104,"56":0.108,"57":0.268,"58":0.0182,"59":0.013,"60":0.0407,"61":0.397,"62":0.385,"63":0.233,"64":0.603,"65":0.0732,"66":0.159,"67":0.00506,"68":0.064,"69":0.225,"70":0.296,"71":0.182,"72":0.272,"73":0.0445,"74":0.593,"75":0.593,"76":0.124,"77":0.0928,"78":0.132,"79":0.00705,"80":0.00197,"81":0.035,"82":0.035,"83":0.214,"84":0.125,"85":0.283,"86":0.0924,"87":0.435,"88":0.816,"89":0.143,"90":0.383,"91":0.587,"92":0.862,"93":0.0306,"94":0.876,"95":0.12,"96":0.0569,"97":0.0515,"98":0.128},"instrumentalness":{"0":0.0,"1":0.0,"2":0.0,"3":0.0,"4":0.0,"5":0.0,"6":0.0,"7":0.0000496,"8":0.0,"9":0.0,"10":0.003,"11":0.0,"12":0.0000015,"13":0.0796,"14":0.0,"15":0.0,"16":0.000032,"17":0.0,"18":0.0,"19":0.0,"20":0.000431,"21":0.0,"22":0.0,"23":0.0,"24":0.000138,"25":0.0,"26":0.0011,"27":0.0,"28":0.0,"29":0.0,"30":0.00211,"31":0.000225,"32":0.000128,"33":0.0164,"34":0.0,"35":0.0,"36":0.0,"37":0.0,"38":0.000071,"39":0.0014,"40":0.199,"41":0.0,"42":0.000222,"43":0.0,"44":0.00000241,"45":0.0,"46":0.00328,"47":0.0,"48":0.000166,"49":0.000125,"50":0.0000223,"51":0.0,"52":0.0,"53":0.0,"54":0.0,"55":0.0,"56":0.0,"57":0.00000778,"58":0.000124,"59":0.00000603,"60":0.000286,"61":0.00000119,"62":0.0,"63":0.0,"64":0.0,"65":0.0,"66":0.0,"67":0.0,"68":0.00000238,"69":0.0,"70":0.0,"71":0.00000706,"72":0.0,"73":0.0,"74":0.0,"75":0.0,"76":0.0,"77":0.0000887,"78":0.112,"79":0.00000314,"80":0.0,"81":0.0,"82":0.0,"83":0.0000165,"84":0.0,"85":0.0000034,"86":0.0,"87":0.000148,"88":0.000163,"89":0.0,"90":0.0,"91":0.0,"92":0.0,"93":0.0,"94":0.00000465,"95":0.0,"96":0.0,"97":0.00000335,"98":0.0},"liveness":{"0":0.111,"1":0.0589,"2":0.118,"3":0.0912,"4":0.0312,"5":0.099,"6":0.0976,"7":0.11,"8":0.119,"9":0.057,"10":0.12,"11":0.327,"12":0.255,"13":0.0962,"14":0.111,"15":0.1,"16":0.0829,"17":0.221,"18":0.162,"19":0.248,"20":0.107,"21":0.368,"22":0.0817,"23":0.224,"24":0.0846,"25":0.0515,"26":0.166,"27":0.111,"28":0.108,"29":0.112,"30":0.124,"31":0.0856,"32":0.0988,"33":0.0926,"34":0.134,"35":0.088,"36":0.088,"37":0.128,"38":0.0676,"39":0.058,"40":0.806,"41":0.142,"42":0.0885,"43":0.0816,"44":0.0641,"45":0.616,"46":0.353,"47":0.245,"48":0.113,"49":0.118,"50":0.0745,"51":0.157,"52":0.228,"53":0.14,"54":0.172,"55":0.154,"56":0.0954,"57":0.113,"58":0.101,"59":0.265,"60":0.0508,"61":0.0984,"62":0.0999,"63":0.0816,"64":0.302,"65":0.127,"66":0.0987,"67":0.166,"68":0.182,"69":0.0681,"70":0.167,"71":0.338,"72":0.138,"73":0.165,"74":0.0842,"75":0.0842,"76":0.143,"77":0.324,"78":0.0613,"79":0.357,"80":0.143,"81":0.108,"82":0.108,"83":0.0757,"84":0.11,"85":0.116,"86":0.12,"87":0.101,"88":0.158,"89":0.11,"90":0.18,"91":0.153,"92":0.172,"93":0.378,"94":0.092,"95":0.084,"96":0.167,"97":0.0967,"98":0.375},"valence":{"0":0.381,"1":0.357,"2":0.721,"3":0.449,"4":0.587,"5":0.602,"6":0.661,"7":0.28,"8":0.242,"9":0.209,"10":0.317,"11":0.62,"12":0.581,"13":0.429,"14":0.663,"15":0.547,"16":0.225,"17":0.719,"18":0.573,"19":0.293,"20":0.564,"21":0.375,"22":0.144,"23":0.653,"24":0.283,"25":0.813,"26":0.493,"27":0.135,"28":0.202,"29":0.851,"30":0.145,"31":0.825,"32":0.153,"33":0.248,"34":0.667,"35":0.128,"36":0.128,"37":0.848,"38":0.76,"39":0.53,"40":0.556,"41":0.592,"42":0.587,"43":0.3,"44":0.254,"45":0.645,"46":0.168,"47":0.401,"48":0.768,"49":0.207,"50":0.274,"51":0.65,"52":0.765,"53":0.478,"54":0.687,"55":0.797,"56":0.715,"57":0.463,"58":0.454,"59":0.625,"60":0.764,"61":0.7,"62":0.695,"63":0.309,"64":0.833,"65":0.636,"66":0.198,"67":0.287,"68":0.313,"69":0.904,"70":0.488,"71":0.267,"72":0.384,"73":0.768,"74":0.759,"75":0.759,"76":0.832,"77":0.634,"78":0.662,"79":0.411,"80":0.703,"81":0.562,"82":0.562,"83":0.673,"84":0.347,"85":0.144,"86":0.439,"87":0.38,"88":0.497,"89":0.406,"90":0.568,"91":0.662,"92":0.68,"93":0.593,"94":0.447,"95":0.573,"96":0.446,"97":0.474,"98":0.596},"tempo":{"0":80.043,"1":131.904,"2":142.992,"3":105.049,"4":86.033,"5":156.042,"6":148.083,"7":121.015,"8":127.051,"9":121.954,"10":156.068,"11":106.061,"12":86.005,"13":103.946,"14":120.04,"15":194.882,"16":123.05,"17":73.977,"18":86.138,"19":110.959,"20":183.982,"21":107.844,"22":109.954,"23":94.995,"24":102.959,"25":101.727,"26":190.089,"27":140.074,"28":133.069,"29":125.008,"30":95.006,"31":130.02,"32":86.966,"33":88.719,"34":114.014,"35":122.065,"36":122.065,"37":104.994,"38":116.615,"39":123.051,"40":132.712,"41":148.102,"42":79.023,"43":169.784,"44":90.036,"45":111.814,"46":139.968,"47":126.072,"48":106.522,"49":125.004,"50":93.028,"51":137.969,"52":147.584,"53":138.165,"54":125.976,"55":159.985,"56":158.019,"57":129.97,"58":144.98,"59":128.027,"60":96.994,"61":149.986,"62":150.014,"63":130.098,"64":83.682,"65":140.029,"66":149.559,"67":111.005,"68":144.973,"69":103.942,"70":91.01,"71":170.023,"72":115.02,"73":162.011,"74":83.985,"75":83.985,"76":132.054,"77":118.033,"78":110.082,"79":90.007,"80":130.033,"81":119.958,"82":119.958,"83":130.015,"84":140.885,"85":128.047,"86":148.046,"87":109.939,"88":108.228,"89":132.025,"90":125.166,"91":106.789,"92":89.212,"93":112.027,"94":107.684,"95":133.975,"96":167.889,"97":98.044,"98":155.918},"duration_ms":{"0":240000,"1":352977,"2":206307,"3":197947,"4":180815,"5":230973,"6":121575,"7":225694,"8":286236,"9":188524,"10":230707,"11":167438,"12":209200,"13":186752,"14":178813,"15":165867,"16":237147,"17":162052,"18":174614,"19":152432,"20":234783,"21":144483,"22":261888,"23":205000,"24":170097,"25":257195,"26":166476,"27":161038,"28":219227,"29":138427,"30":213000,"31":157080,"32":208640,"33":374893,"34":184360,"35":243800,"36":243800,"37":230787,"38":146880,"39":233080,"40":239314,"41":298400,"42":195933,"43":228840,"44":178245,"45":200229,"46":290266,"47":163820,"48":116627,"49":232320,"50":215892,"51":144348,"52":95667,"53":202587,"54":188253,"55":235266,"56":163049,"57":216240,"58":234893,"59":240760,"60":220707,"61":234293,"62":234293,"63":256533,"64":179467,"65":198667,"66":209673,"67":242457,"68":176630,"69":190667,"70":192277,"71":169620,"72":206827,"73":195092,"74":184080,"75":184080,"76":236293,"77":231992,"78":220382,"79":238667,"80":189753,"81":142273,"82":142273,"83":206787,"84":163404,"85":150043,"86":217653,"87":213573,"88":125907,"89":196800,"90":177400,"91":156804,"92":161667,"93":196427,"94":137507,"95":221280,"96":205540,"97":228654,"98":236947},"time_signature":{"0":4,"1":4,"2":4,"3":4,"4":4,"5":4,"6":4,"7":4,"8":4,"9":4,"10":4,"11":4,"12":4,"13":4,"14":4,"15":3,"16":4,"17":4,"18":4,"19":4,"20":4,"21":4,"22":4,"23":4,"24":4,"25":4,"26":4,"27":4,"28":4,"29":4,"30":4,"31":4,"32":4,"33":4,"34":4,"35":4,"36":4,"37":4,"38":4,"39":4,"40":4,"41":4,"42":4,"43":4,"44":4,"45":5,"46":4,"47":4,"48":3,"49":4,"50":4,"51":4,"52":4,"53":4,"54":4,"55":4,"56":4,"57":4,"58":4,"59":4,"60":4,"61":4,"62":4,"63":4,"64":4,"65":4,"66":4,"67":4,"68":4,"69":4,"70":4,"71":4,"72":3,"73":4,"74":4,"75":4,"76":4,"77":4,"78":4,"79":4,"80":4,"81":4,"82":4,"83":4,"84":4,"85":4,"86":4,"87":4,"88":4,"89":3,"90":4,"91":3,"92":4,"93":4,"94":4,"95":4,"96":4,"97":4,"98":4},"num_bars":{"0":81,"1":184,"2":121,"3":85,"4":62,"5":146,"6":71,"7":112,"8":151,"9":94,"10":148,"11":73,"12":73,"13":80,"14":87,"15":175,"16":121,"17":48,"18":62,"19":68,"20":180,"21":64,"22":113,"23":79,"24":71,"25":109,"26":130,"27":94,"28":122,"29":72,"30":84,"31":82,"32":73,"33":133,"34":88,"35":121,"36":121,"37":99,"38":66,"39":116,"40":111,"41":181,"42":62,"43":155,"44":66,"45":83,"46":168,"47":84,"48":67,"49":120,"50":81,"51":81,"52":57,"53":112,"54":96,"55":152,"56":105,"57":112,"58":141,"59":127,"60":87,"61":144,"62":144,"63":137,"64":60,"65":112,"66":125,"67":111,"68":104,"69":80,"70":72,"71":119,"72":126,"73":129,"74":63,"75":63,"76":129,"77":112,"78":98,"79":89,"80":102,"81":70,"82":70,"83":111,"84":96,"85":81,"86":133,"87":94,"88":54,"89":125,"90":89,"91":91,"92":57,"93":90,"94":60,"95":120,"96":140,"97":91,"98":151},"num_sections":{"0":9,"1":20,"2":9,"3":7,"4":10,"5":8,"6":4,"7":7,"8":15,"9":8,"10":11,"11":8,"12":6,"13":7,"14":6,"15":10,"16":12,"17":7,"18":9,"19":6,"20":10,"21":10,"22":10,"23":8,"24":12,"25":16,"26":13,"27":8,"28":9,"29":5,"30":10,"31":9,"32":11,"33":14,"34":8,"35":7,"36":7,"37":9,"38":8,"39":8,"40":12,"41":15,"42":6,"43":9,"44":8,"45":10,"46":13,"47":7,"48":5,"49":12,"50":7,"51":9,"52":6,"53":10,"54":8,"55":10,"56":7,"57":9,"58":13,"59":10,"60":11,"61":6,"62":8,"63":11,"64":9,"65":9,"66":8,"67":8,"68":6,"69":8,"70":10,"71":9,"72":9,"73":9,"74":8,"75":8,"76":11,"77":8,"78":11,"79":13,"80":9,"81":7,"82":7,"83":9,"84":7,"85":9,"86":8,"87":11,"88":7,"89":7,"90":8,"91":7,"92":7,"93":10,"94":7,"95":7,"96":11,"97":12,"98":6},"num_segments":{"0":1056,"1":1453,"2":756,"3":640,"4":617,"5":720,"6":534,"7":800,"8":1016,"9":759,"10":1019,"11":769,"12":799,"13":866,"14":621,"15":453,"16":904,"17":633,"18":782,"19":791,"20":1053,"21":610,"22":995,"23":816,"24":852,"25":1155,"26":821,"27":616,"28":936,"29":585,"30":699,"31":560,"32":588,"33":1411,"34":793,"35":911,"36":911,"37":929,"38":536,"39":776,"40":837,"41":1065,"42":798,"43":607,"44":542,"45":904,"46":886,"47":754,"48":380,"49":1034,"50":925,"51":543,"52":353,"53":651,"54":645,"55":909,"56":587,"57":682,"58":934,"59":747,"60":773,"61":764,"62":758,"63":1002,"64":646,"65":873,"66":575,"67":963,"68":719,"69":730,"70":811,"71":692,"72":484,"73":675,"74":733,"75":733,"76":834,"77":977,"78":1049,"79":1057,"80":696,"81":567,"82":567,"83":868,"84":637,"85":654,"86":724,"87":709,"88":377,"89":520,"90":567,"91":504,"92":517,"93":662,"94":459,"95":694,"96":902,"97":1030,"98":950},"class":{"0":0,"1":0,"2":0,"3":0,"4":0,"5":0,"6":0,"7":0,"8":0,"9":0,"10":0,"11":0,"12":0,"13":0,"14":0,"15":0,"16":0,"17":0,"18":0,"19":0,"20":0,"21":0,"22":0,"23":0,"24":0,"25":0,"26":0,"27":0,"28":0,"29":0,"30":0,"31":0,"32":0,"33":0,"34":0,"35":0,"36":0,"37":0,"38":0,"39":0,"40":0,"41":0,"42":0,"43":0,"44":0,"45":0,"46":0,"47":0,"48":0,"49":0,"50":0,"51":0,"52":0,"53":0,"54":0,"55":0,"56":0,"57":0,"58":0,"59":0,"60":0,"61":0,"62":0,"63":0,"64":0,"65":0,"66":0,"67":0,"68":0,"69":0,"70":0,"71":0,"72":0,"73":0,"74":0,"75":0,"76":0,"77":0,"78":0,"79":0,"80":0,"81":0,"82":0,"83":0,"84":0,"85":0,"86":0,"87":0,"88":0,"89":0,"90":0,"91":0,"92":0,"93":0,"94":0,"95":0,"96":0,"97":0,"98":0}}