{"id":{"0":"37ddfWZT6PtJpyKBm6TJy6","1":"5LHoVlDpiHHC5JSmahM0TY","2":"7vOWbftPGdx1U7MwQAi1lL","3":"30VHURM5NOfoZmqp2iKawS","4":"3XYvdqcZrTmRntFDDbJkJd","5":"1nkq3zCLWWRV0iV3dGXBgP","6":"6xpLFTs20DFNWUFhgSPScI","7":"4ZEQn8A2wbHR1s5979mTPC","8":"0OrBLnWKN7bI60IXPYi8F6","9":"6bXSYxP6WDlNCr6Jk1H3MW","10":"6WortO2DtGmzG1QCAOZcsW","11":"27a1mYSG5tYg7dmEjWBcmL","12":"43IBDNlOV2ngiv3aABixu3","13":"7KZ5MMVgBVox9ycroB2UrI","14":"53cGGBxGPaRjP0HVUESyW5","15":"2BgunkkepMPFpArQj1Dx5s","16":"1rJrDaAVtS9g5ij4T88Rj5","17":"0stPNUkU1LZnvxIcfrKnEZ","18":"6nO3tr47nr2P7f3hXb8JIo","19":"0kCBorRrKZkSztd9m0QI3r","20":"4s0EldNC1etxbYimOUkeIW","21":"2imkodSyg1hOZwZuE2fJdU","22":"4tQhxBKakIwoWZ7tuGBr7d","23":"1KTkfG53uAWmD5AknK8qWY","24":"3kiVVu3Myk1SOPISaNS53y","25":"2iPTGIzI5LBeEVz2q5xYLF","26":"37R4QzUNmA5mat4PKA2tHW","27":"4cy70B0WjXYW6UKtrD0UXf","28":"7xELq8WliIctkuvWXONX6d","29":"6wFTOCavGFqhVDISeolYxk","30":"24vhQnVsbHHwlIXH7hD9Eh","31":"2HAFsIavr3QzlQfFdT7HZF","32":"050UDADRxQ1nU4e3oFft8K","33":"1Ser4X0TKttOvo8bgdytTP","34":"4Ul2q7TUVGkHIFyMABAgk6","35":"1CoVthnWljzpREwxnJuPMz","36":"5drnQCtNf53U0ort4ZxCsz","37":"0jMo6rlrSGVRIipK0isKFL","38":"6zLdXcmvIxnAXpz9sXFnIE","39":"0s12zeNh080RjPnV8gWngY","40":"7fWMvmH2YLxabiHfxH03CO","41":"4pIKFpwflOdhYNIRmPTj3E","42":"07sa7qkxpemze5BBE7jufs","43":"3YeJXuRSNS5FYwOsDu44kD","44":"2TzyJEUfWHGRsk3r6Emvbk","45":"2Y3XyBCue0lRn1GtPpRcA1","46":"2xNzZTcPYyrVsnrgTsH1DQ","47":"4chlGZQX5uPYpRLp3NezmX","48":"5kNe7PE09d6Kvw5pAsx23n","49":"3hiInJVk1CpxELmEJiU0uP","50":"4cg1yakyRSIOjxKM2I7J1q","51":"6xCHPen14yg3lJrg7mWf10","52":"6ZH1pMkqGuucsdv9mzGAHF","53":"7zhRwuai3EB0h27U3Ey1Nv","54":"6nqvInlnaMzEzaw4s0zbee","55":"4Pf95KrUvj48z2ChGNA5Ye","56":"0BteLcimTI0usYZ2L2zQaZ","57":"2QKBvCMHdokPoy2b44dK2m","58":"2q0LproHirKhmrcaf7VO0l","59":"2QGa7i7o0UwmgUsSkM8Tt4","60":"0leBYsvyyFSXc1aeuFVgTD","61":"2qcG0nZ6S3zZV0UrkY5nFo","62":"1BxkZE73h9BN3qwuA15TA3","63":"1kFBLqkTuNKlspkJ1EOGjN","64":"3N2AIfVOq6NiTcWHIP4Oco","65":"1EJsnnM8Mc4jzUfXOQ67hr","66":"3a0xTF3rUKUcUbzsz7A2oM","67":"0XsbCr34semDxq0ZX84BCh","68":"0H6tXlUxeEQm0VS6NqRPqQ","69":"2yBvTJefx0uHplsZP1OgxC","70":"1Wf5q34m4hTnAxCljiAonb","71":"6Ya68IPjptq1DYiQsqGpEU","72":"4EpLU30bi1KNWkBTfgZkoK","73":"5AnSllIrgGsCZzZJkVnApx","74":"2HGymMoOdB4ZYv0AAqYmgF","75":"6RiMRVxOiEYd4QSu1cxrls","76":"73qvKxjIenqo9i0Z52I7Jc","77":"73VavJB5wPgu3RQyobpnZ3","78":"6pcUgPCGODHAL7Mzx73eVG","79":"2VK9R7kmVxqsmdNPDC6JDT","80":"3Vo4wInECJQuz9BIBMOu8i","81":"78DNhmMolsXKCg7eXgURHW","82":"03SoYiKXCcLpJVVYymeedo","83":"5mwQ8wQElaMO1joDd5vtwd","84":"1gYlbqNSGsnPB1oZIkEuNE","85":"0hwkukpHcBJfGcIUxi1tK2","86":"0lQJBl9YEsoMtE8D4yTE9g","87":"0Lr2ulOp0q0QxUqe60rPj7","88":"0hOwQ5dUV1kZEii7syt2aV","89":"4Uawlh4F8vWFmv9Y6zU11d","90":"0IqNVZdY5Cc5WPH7lmfRdm","91":"1XcmeA4mhX5xxSWWbuHd1V","92":"04MGLTCteglQCoDmopDqtv","93":"7p2ewixAShLpjDZrnzZK7c","94":"5u6vkDnOyaf8LsteDAj2ub","95":"08hAn3jw0yR8b9EdfmRiyE","96":"7K0lR5Ngf5jkOWt1g6ut6l","97":"3dirUTZhj1X1wVOFzDgqSd","98":"7cW1wHpSLYgKWzoWlOCPFJ","99":"1thfIzMJCYeFEA88tNQX4S"},"title":{"0":"Bussdown","1":"But Not For Me","2":"Butterfingers","3":"Butterflies","4":"Buzz","5":"By Mistake","6":"By the Scale","7":"Cable Guy (feat. Jay Critch)","8":"Call","9":"Calling My Spirit","10":"Calm Before the Storm","11":"CAN'T SAY","12":"Carolina in the Morning","13":"CAROUSEL","14":"Catch","15":"Caught Up In The Country","16":"Cell Therapy","17":"The Champion","18":"Champion (feat. Travis Scott)","19":"Chanel (Go Get It) [feat. Gunna & Lil Baby]","20":"Change Your Name","21":"Chaos And Earthquakes","22":"Chapters","23":"Cheap Ass Weave","24":"Cheater Mohan","25":"Chippi Chippi","26":"Cloned Existence","27":"Close Enough","28":"Closer To You","29":"Codigo","30":"Cold Shoulder (feat. YoungBoy Never Broke Again)","31":"Collette","32":"Coma Blue","33":"Come Get Her","34":"Come Go With Me","35":"Come Softly To Me","36":"Count It Up","37":"Country Song","38":"Craving You","39":"Cute - Remix","40":"Dance","41":"Dance Macabre","42":"Dance with Me (feat. Kelsea Ballerini)","43":"Dark Knight Dummo (Feat. Travis Scott)","44":"Daru Badnaam","45":"Demons Are a Girl\u2018s Best Friend","46":"The Devil Inside","47":"Diana","48":"Die A Happy Man","49":"The Difference","50":"Digits","51":"Disease","52":"Do That (feat. Blac Youngsta)","53":"Do You Wanna Dance","54":"Doin' Fine","55":"Dominate Me","56":"Don\u2019t Wanna Write This Song","57":"Don't Play","58":"Double Up (feat. Rich The Kid)","59":"Down To The Honkytonk","60":"Drinkin' Terms","61":"Drip (feat. Migos)","62":"Drip Too Hard","63":"Drunk Girl","64":"Drunk Me","65":"Drunk on You (feat. Hard Bazy)","66":"Dumptruck","67":"Easy Living","68":"Eddie My Love","69":"Enemy","70":"Enna Sona (From \"OK Jaanu\")","71":"Envious (feat. Juicy J)","72":"Every Little Thing","73":"Eyes On You","74":"Famous","75":"Far Gone (feat. Lil Baby)","76":"Federal Pressure (feat. Moneybagg Yo)","77":"Feel The Same Way (feat. Moneybagg Yo)","78":"Fiesta","79":"Final Breath","80":"Finesse (Remix) [feat. Cardi B]","81":"Fire God and Fear","82":"Fleur de lis","83":"Foreva","84":"Forward!","85":"Freddy Krueger (feat. Tee Grizzley)","86":"From the Ground Up","87":"Fuck Love","88":"Funk","89":"Gal Wakhri","90":"Galtiyan","91":"General","92":"Get Away With It","93":"Get Up 10","94":"Ghostface Killers","95":"Gigi","96":"Girl Like You","97":"Glasses","98":"Global","99":"Glorious"},"danceability":{"0":0.889,"1":0.158,"2":0.568,"3":0.689,"4":0.663,"5":0.825,"6":0.605,"7":0.966,"8":0.825,"9":0.908,"10":0.377,"11":0.702,"12":0.345,"13":0.428,"14":0.566,"15":0.564,"16":0.854,"17":0.666,"18":0.642,"19":0.938,"20":0.58,"21":0.524,"22":0.589,"23":0.782,"24":0.931,"25":0.677,"26":0.901,"27":0.509,"28":0.662,"29":0.596,"30":0.826,"31":0.558,"32":0.222,"33":0.687,"34":0.579,"35":0.582,"36":0.788,"37":0.619,"38":0.612,"39":0.827,"40":0.777,"41":0.619,"42":0.611,"43":0.379,"44":0.541,"45":0.468,"46":0.509,"47":0.57,"48":0.66,"49":0.538,"50":0.769,"51":0.525,"52":0.675,"53":0.546,"54":0.439,"55":0.589,"56":0.507,"57":0.681,"58":0.878,"59":0.623,"60":0.599,"61":0.968,"62":0.9,"63":0.485,"64":0.386,"65":0.663,"66":0.491,"67":0.632,"68":0.573,"69":0.696,"70":0.717,"71":0.885,"72":0.638,"73":0.606,"74":0.534,"75":0.926,"76":0.715,"77":0.728,"78":0.788,"79":0.137,"80":0.704,"81":0.434,"82":0.453,"83":0.862,"84":0.441,"85":0.834,"86":0.281,"87":0.504,"88":0.816,"89":0.594,"90":0.688,"91":0.684,"92":0.453,"93":0.806,"94":0.782,"95":0.237,"96":0.543,"97":0.623,"98":0.672,"99":0.834},"energy":{"0":0.623,"1":0.244,"2":0.157,"3":0.614,"4":0.551,"5":0.653,"6":0.605,"7":0.706,"8":0.704,"9":0.365,"10":0.975,"11":0.708,"12":0.196,"13":0.403,"14":0.765,"15":0.904,"16":0.511,"17":0.877,"18":0.782,"19":0.5,"20":0.581,"21":0.843,"22":0.613,"23":0.539,"24":0.701,"25":0.549,"26":0.725,"27":0.735,"28":0.685,"29":0.774,"30":0.492,"31":0.449,"32":0.987,"33":0.563,"34":0.557,"35":0.517,"36":0.562,"37":0.684,"38":0.841,"39":0.64,"40":0.814,"41":0.696,"42":0.519,"43":0.824,"44":0.676,"45":0.933,"46":0.961,"47":0.408,"48":0.383,"49":0.764,"50":0.632,"51":0.957,"52":0.803,"53":0.503,"54":0.752,"55":0.976,"56":0.452,"57":0.729,"58":0.486,"59":0.828,"60":0.659,"61":0.589,"62":0.653,"63":0.306,"64":0.799,"65":0.91,"66":0.87,"67":0.134,"68":0.145,"69":0.545,"70":0.416,"71":0.735,"72":0.854,"73":0.652,"74":0.815,"75":0.444,"76":0.652,"77":0.675,"78":0.7,"79":0.946,"80":0.859,"81":0.754,"82":0.971,"83":0.685,"84":0.997,"85":0.621,"86":0.58,"87":0.952,"88":0.794,"89":0.811,"90":0.486,"91":0.931,"92":0.419,"93":0.57,"94":0.436,"95":0.215,"96":0.88,"97":0.728,"98":0.565,"99":0.65},"key":{"0":2,"1":8,"2":7,"3":4,"4":3,"5":10,"6":2,"7":6,"8":7,"9":1,"10":2,"11":10,"12":2,"13":5,"14":2,"15":7,"16":0,"17":6,"18":5,"19":4,"20":2,"21":10,"22":11,"23":2,"24":10,"25":8,"26":10,"27":7,"28":4,"29":2,"30":8,"31":5,"32":2,"33":2,"34":5,"35":3,"36":9,"37":1,"38":9,"39":8,"40":8,"41":7,"42":1,"43":8,"44":8,"45":1,"46":5,"47":7,"48":2,"49":9,"50":10,"51":0,"52":2,"53":0,"54":8,"55":7,"56":2,"57":0,"58":2,"59":3,"60":5,"61":11,"62":1,"63":0,"64":2,"65":7,"66":2,"67":8,"68":9,"69":2,"70":7,"71":11,"72":1,"73":9,"74":5,"75":1,"76":10,"77":1,"78":0,"79":7,"80":5,"81":6,"82":2,"83":9,"84":11,"85":7,"86":9,"87":1,"88":11,"89":2,"90":10,"91":0,"92":0,"93":1,"94":2,"95":4,"96":3,"97":7,"98":1,"99":5},"loudness":{"0":-9.415,"1":-13.86,"2":-11.269,"3":-6.137,"4":-8.272,"5":-6.216,"6":-5.644,"7":-6.179,"8":-4.777,"9":-9.954,"10":-4.31,"11":-5.366,"12":-12.887,"13":-5.914,"14":-6.337,"15":-3.808,"16":-8.875,"17":-3.275,"18":-3.395,"19":-10.08,"20":-7.984,"21":-5.578,"22":-6.816,"23":-8.665,"24":-7.201,"25":-7.165,"26":-6.047,"27":-5.314,"28":-4.561,"29":-5.023,"30":-4.566,"31":-9.07,"32":-4.588,"33":-6.214,"34":-9.332,"35":-11.501,"36":-6.688,"37":-5.616,"38":-3.795,"39":-6.471,"40":-5.42,"41":-6.269,"42":-9.854,"43":-2.881,"44":-3.893,"45":-4.658,"46":-5.919,"47":-9.932,"48":-9.377,"49":-5.235,"50":-4.228,"51":-3.742,"52":-5.632,"53":-15.231,"54":-4.143,"55":-3.024,"56":-7.557,"57":-3.99,"58":-7.923,"59":-4.272,"60":-5.241,"61":-7.808,"62":-6.962,"63":-8.431,"64":-3.789,"65":-3.834,"66":-4.327,"67":-17.029,"68":-11.883,"69":-7.218,"70":-9.875,"71":-6.869,"72":-4.664,"73":-6.982,"74":-2.815,"75":-9.024,"76":-7.016,"77":-7.473,"78":-4.747,"79":-4.629,"80":-4.877,"81":-6.169,"82":-4.239,"83":-6.281,"84":-4.928,"85":-6.156,"86":-5.967,"87":-4.397,"88":-5.223,"89":-7.681,"90":-8.672,"91":-2.039,"92":-6.548,"93":-6.927,"94":-7.033,"95":-11.288,"96":-4.204,"97":-7.255,"98":-6.504,"99":-9.031},"mode":{"0":1,"1":1,"2":1,"3":0,"4":0,"5":0,"6":1,"7":0,"8":1,"9":1,"10":0,"11":0,"12":1,"13":0,"14":1,"15":1,"16":1,"17":1,"18":0,"19":0,"20":1,"21":0,"22":1,"23":1,"24":0,"25":1,"26":0,"27":1,"28":0,"29":1,"30":1,"31":1,"32":1,"33":1,"34":0,"35":1,"36":1,"37":1,"38":0,"39":1,"40":0,"41":0,"42":1,"43":0,"44":0,"45":0,"46":1,"47":1,"48":1,"49":1,"50":0,"51":1,"52":1,"53":1,"54":1,"55":1,"56":1,"57":1,"58":0,"59":1,"60":1,"61":1,"62":0,"63":1,"64":1,"65":1,"66":1,"67":1,"68":1,"69":0,"70":0,"71":0,"72":1,"73":1,"74":1,"75":1,"76":0,"77":1,"78":0,"79":1,"80":0,"81":1,"82":1,"83":1,"84":1,"85":1,"86":1,"87":1,"88":0,"89":1,"90":0,"91":0,"92":1,"93":1,"94":1,"95":1,"96":0,"97":0,"98":1,"99":0},"acousticness":{"0":0.207,"1":0.905,"2":0.599,"3":0.252,"4":0.236,"5":0.0767,"6":0.121,"7":0.0206,"8":0.467,"9":0.0927,"10":0.0000134,"11":0.201,"12":0.866,"13":0.229,"14":0.0248,"15":0.00719,"16":0.0904,"17":0.0822,"18":0.381,"19":0.00183,"20":0.376,"21":0.000417,"22":0.179,"23":0.0383,"24":0.288,"25":0.0734,"26":0.0232,"27":0.00379,"28":0.125,"29":0.479,"30":0.00244,"31":0.803,"32":0.0000131,"33":0.184,"34":0.7,"35":0.803,"36":0.0962,"37":0.0523,"38":0.000907,"39":0.211,"40":0.0118,"41":0.0000189,"42":0.481,"43":0.15,"44":0.442,"45":0.000532,"46":0.00105,"47":0.341,"48":0.381,"49":0.12,"50":0.0325,"51":0.00202,"52":0.000938,"53":0.89,"54":0.116,"55":0.0000326,"56":0.19,"57":0.00203,"58":0.0495,"59":0.162,"60":0.287,"61":0.0511,"62":0.0945,"63":0.794,"64":0.201,"65":0.156,"66":0.0000449,"67":0.985,"68":0.819,"69":0.0177,"70":0.635,"71":0.00858,"72":0.216,"73":0.323,"74":0.708,"75":0.206,"76":0.0285,"77":0.0464,"78":0.0942,"79":0.00243,"80":0.0185,"81":0.00043,"82":0.0000169,"83":0.384,"84":0.000562,"85":0.0918,"86":0.333,"87":0.000188,"88":0.134,"89":0.348,"90":0.449,"91":0.216,"92":0.102,"93":0.0977,"94":0.331,"95":0.911,"96":0.035,"97":0.027,"98":0.106,"99":0.0262},"instrumentalness":{"0":0.0,"1":0.000147,"2":0.0,"3":0.0000195,"4":0.0000357,"5":0.00000874,"6":0.0,"7":0.0,"8":0.000245,"9":0.0,"10":0.00344,"11":0.0,"12":0.0000093,"13":0.0,"14":0.0,"15":0.0,"16":0.0,"17":0.0,"18":0.0,"19":0.0,"20":0.0,"21":0.125,"22":0.0,"23":0.0000035,"24":0.0,"25":0.0,"26":0.0,"27":0.0000016,"28":0.0,"29":0.0000227,"30":0.0,"31":0.0,"32":0.0162,"33":0.0,"34":0.0,"35":0.0,"36":0.0,"37":0.0,"38":0.0,"39":0.0,"40":0.00000975,"41":0.00555,"42":0.00000482,"43":0.0,"44":0.0,"45":0.00000336,"46":0.0149,"47":0.0,"48":0.0,"49":0.00000141,"50":0.0,"51":0.00000325,"52":0.0,"53":0.0114,"54":0.0,"55":0.189,"56":0.0,"57":0.0,"58":0.0,"59":0.0,"60":0.00000206,"61":0.0,"62":0.0,"63":0.0,"64":0.0,"65":0.0,"66":0.000145,"67":0.00126,"68":0.0,"69":0.0,"70":0.00000143,"71":0.0,"72":0.0,"73":0.0,"74":0.0,"75":0.0,"76":0.0,"77":0.0,"78":0.0,"79":0.00444,"80":0.0,"81":0.734,"82":0.000327,"83":0.000146,"84":0.019,"85":0.0,"86":0.0,"87":0.0207,"88":0.0,"89":0.0000181,"90":0.0,"91":0.0,"92":0.0,"93":0.0,"94":0.000013,"95":0.00000124,"96":0.000227,"97":0.0000912,"98":0.0,"99":0.0000014},"liveness":{"0":0.138,"1":0.106,"2":0.148,"3":0.178,"4":0.0923,"5":0.1,"6":0.104,"7":0.0684,"8":0.113,"9":0.261,"10":0.268,"11":0.118,"12":0.0901,"13":0.22,"14":0.0783,"15":0.528,"16":0.116,"17":0.128,"18":0.108,"19":0.077,"20":0.118,"21":0.375,"22":0.0967,"23":0.3,"24":0.182,"25":0.0916,"26":0.124,"27":0.185,"28":0.0961,"29":0.359,"30":0.23,"31":0.109,"32":0.63,"33":0.0681,"34":0.121,"35":0.366,"36":0.377,"37":0.135,"38":0.37,"39":0.106,"40":0.05,"41":0.38,"42":0.107,"43":0.138,"44":0.159,"45":0.119,"46":0.115,"47":0.549,"48":0.119,"49":0.111,"50":0.116,"51":0.333,"52":0.221,"53":0.146,"54":0.133,"55":0.248,"56":0.0841,"57":0.148,"58":0.107,"59":0.0976,"60":0.505,"61":0.0731,"62":0.528,"63":0.122,"64":0.103,"65":0.218,"66":0.0607,"67":0.285,"68":0.132,"69":0.107,"70":0.0976,"71":0.0976,"72":0.0357,"73":0.201,"74":0.111,"75":0.124,"76":0.106,"77":0.112,"78":0.117,"79":0.168,"80":0.0215,"81":0.108,"82":0.0873,"83":0.0909,"84":0.147,"85":0.0759,"86":0.122,"87":0.916,"88":0.271,"89":0.361,"90":0.107,"91":0.0878,"92":0.239,"93":0.105,"94":0.342,"95":0.228,"96":0.304,"97":0.106,"98":0.113,"99":0.0999},"valence":{"0":0.716,"1":0.148,"2":0.221,"3":0.411,"4":0.601,"5":0.23,"6":0.0694,"7":0.537,"8":0.661,"9":0.742,"10":0.311,"11":0.713,"12":0.426,"13":0.133,"14":0.604,"15":0.637,"16":0.437,"17":0.524,"18":0.396,"19":0.462,"20":0.396,"21":0.212,"22":0.643,"23":0.652,"24":0.921,"25":0.262,"26":0.364,"27":0.562,"28":0.447,"29":0.846,"30":0.127,"31":0.703,"32":0.116,"33":0.112,"34":0.611,"35":0.956,"36":0.282,"37":0.814,"38":0.499,"39":0.521,"40":0.766,"41":0.727,"42":0.462,"43":0.226,"44":0.845,"45":0.392,"46":0.327,"47":0.96,"48":0.381,"49":0.699,"50":0.294,"51":0.456,"52":0.56,"53":0.956,"54":0.456,"55":0.356,"56":0.224,"57":0.101,"58":0.522,"59":0.953,"60":0.644,"61":0.268,"62":0.399,"63":0.224,"64":0.391,"65":0.599,"66":0.21,"67":0.618,"68":0.387,"69":0.495,"70":0.381,"71":0.892,"72":0.859,"73":0.476,"74":0.564,"75":0.389,"76":0.612,"77":0.638,"78":0.673,"79":0.171,"80":0.926,"81":0.148,"82":0.252,"83":0.43,"84":0.0314,"85":0.613,"86":0.282,"87":0.121,"88":0.32,"89":0.811,"90":0.363,"91":0.654,"92":0.477,"93":0.454,"94":0.243,"95":0.212,"96":0.483,"97":0.337,"98":0.313,"99":0.334},"tempo":{"0":147.011,"1":82.733,"2":74.589,"3":141.97,"4":113.314,"5":143.933,"6":137.899,"7":122.055,"8":97.981,"9":119.977,"10":163.168,"11":147.98,"12":81.339,"13":95.387,"14":156.036,"15":124.102,"16":83.115,"17":91.054,"18":162.005,"19":140.011,"20":144.999,"21":85.993,"22":81.015,"23":130.337,"24":108.018,"25":77.523,"26":141.985,"27":88.943,"28":111.964,"29":166.883,"30":135.038,"31":154.671,"32":113.733,"33":185.056,"34":129.369,"35":130.57,"36":144.005,"37":95.99,"38":104.986,"39":150.043,"40":97.974,"41":125.986,"42":147.981,"43":121.056,"44":90.037,"45":143.076,"46":97.985,"47":143.249,"48":83.096,"49":169.919,"50":131.932,"51":97.445,"52":160.167,"53":167.056,"54":166.051,"55":121.982,"56":150.217,"57":128.014,"58":142.076,"59":82.059,"60":82.002,"61":129.993,"62":112.503,"63":203.729,"64":86.333,"65":101.117,"66":103.072,"67":89.088,"68":108.375,"69":94.991,"70":100.026,"71":150.98,"72":93.869,"73":97.155,"74":159.848,"75":140.085,"76":139.945,"77":82.528,"78":105.037,"79":175.361,"80":105.115,"81":121.029,"82":85.027,"83":161.085,"84":150.036,"85":140.05,"86":151.568,"87":96.036,"88":97.964,"89":192.189,"90":93.419,"91":99.912,"92":111.992,"93":93.015,"94":82.994,"95":173.656,"96":144.057,"97":102.005,"98":163.827,"99":143.996},"duration_ms":{"0":170915,"1":211547,"2":136907,"3":219053,"4":193414,"5":179907,"6":193293,"7":127868,"8":224119,"9":152000,"10":235013,"11":198408,"12":212893,"13":180183,"14":196440,"15":160991,"16":301200,"17":223999,"18":195053,"19":201707,"20":213133,"21":225133,"22":237107,"23":168150,"24":196111,"25":229400,"26":215213,"27":186893,"28":187321,"29":193693,"30":199508,"31":110107,"32":203031,"33":212947,"34":162293,"35":142627,"36":153750,"37":166739,"38":227373,"39":233833,"40":209602,"41":219720,"42":199501,"43":256163,"44":185333,"45":218080,"46":259787,"47":138360,"48":227427,"49":187867,"50":176387,"51":228373,"52":186618,"53":149480,"54":199907,"55":226320,"56":228640,"57":285954,"58":191239,"59":183140,"60":176263,"61":262308,"62":145603,"63":207267,"64":213024,"65":168267,"66":217720,"67":180930,"68":135027,"69":200368,"70":213632,"71":216630,"72":190640,"73":182493,"74":192520,"75":236587,"76":171494,"77":212140,"78":254697,"79":217371,"80":217289,"81":289969,"82":253000,"83":202919,"84":209100,"85":244506,"86":253933,"87":178202,"88":198484,"89":194000,"90":197647,"91":196800,"92":167225,"93":231453,"94":268933,"95":152107,"96":193067,"97":218091,"98":169826,"99":177292},"time_signature":{"0":4,"1":4,"2":4,"3":4,"4":3,"5":4,"6":4,"7":4,"8":4,"9":4,"10":4,"11":4,"12":4,"13":5,"14":4,"15":4,"16":4,"17":4,"18":4,"19":4,"20":3,"21":4,"22":4,"23":4,"24":4,"25":4,"26":4,"27":4,"28":4,"29":4,"30":4,"31":4,"32":3,"33":4,"34":4,"35":4,"36":4,"37":4,"38":4,"39":4,"40":4,"41":4,"42":4,"43":4,"44":4,"45":4,"46":4,"47":4,"48":4,"49":4,"50":4,"51":4,"52":4,"53":4,"54":4,"55":4,"56":4,"57":4,"58":4,"59":4,"60":4,"61":4,"62":4,"63":4,"64":4,"65":4,"66":4,"67":4,"68":3,"69":4,"70":4,"71":4,"72":4,"73":4,"74":4,"75":4,"76":4,"77":4,"78":4,"79":4,"80":4,"81":4,"82":4,"83":4,"84":4,"85":4,"86":3,"87":4,"88":4,"89":4,"90":4,"91":4,"92":4,"93":4,"94":4,"95":1,"96":4,"97":4,"98":4,"99":4},"num_bars":{"0":103,"1":71,"2":40,"3":125,"4":105,"5":109,"6":109,"7":64,"8":89,"9":75,"10":159,"11":122,"12":77,"13":89,"14":124,"15":82,"16":102,"17":82,"18":131,"19":118,"20":167,"21":80,"22":77,"23":88,"24":86,"25":72,"26":127,"27":68,"28":84,"29":132,"30":111,"31":68,"32":133,"33":160,"34":84,"35":74,"36":91,"37":65,"38":97,"39":144,"40":84,"41":111,"42":121,"43":155,"44":81,"45":127,"46":106,"47":79,"48":76,"49":130,"50":95,"51":92,"52":123,"53":101,"54":136,"55":115,"56":138,"57":153,"58":115,"59":61,"60":59,"61":139,"62":67,"63":165,"64":75,"65":68,"66":91,"67":66,"68":78,"69":78,"70":88,"71":135,"72":73,"73":70,"74":126,"75":137,"76":99,"77":71,"78":110,"79":124,"80":94,"81":142,"82":86,"83":136,"84":128,"85":142,"86":170,"87":71,"88":80,"89":148,"90":74,"91":79,"92":91,"93":90,"94":92,"95":108,"96":114,"97":90,"98":116,"99":103},"num_sections":{"0":7,"1":7,"2":7,"3":9,"4":10,"5":6,"6":7,"7":7,"8":10,"9":8,"10":15,"11":8,"12":10,"13":9,"14":10,"15":11,"16":11,"17":7,"18":15,"19":10,"20":8,"21":12,"22":8,"23":6,"24":7,"25":10,"26":7,"27":7,"28":8,"29":9,"30":5,"31":6,"32":13,"33":12,"34":9,"35":8,"36":8,"37":6,"38":11,"39":11,"40":11,"41":9,"42":8,"43":12,"44":12,"45":10,"46":10,"47":9,"48":10,"49":9,"50":10,"51":10,"52":8,"53":7,"54":10,"55":9,"56":13,"57":7,"58":11,"59":6,"60":9,"61":8,"62":6,"63":11,"64":10,"65":9,"66":8,"67":10,"68":7,"69":7,"70":9,"71":14,"72":7,"73":10,"74":9,"75":14,"76":9,"77":9,"78":14,"79":8,"80":11,"81":10,"82":11,"83":9,"84":8,"85":11,"86":12,"87":6,"88":5,"89":10,"90":9,"91":10,"92":10,"93":7,"94":11,"95":7,"96":8,"97":8,"98":8,"99":6},"num_segments":{"0":767,"1":686,"2":349,"3":719,"4":801,"5":776,"6":770,"7":555,"8":956,"9":574,"10":764,"11":761,"12":658,"13":659,"14":707,"15":551,"16":1332,"17":803,"18":787,"19":924,"20":684,"21":715,"22":787,"23":792,"24":840,"25":1002,"26":938,"27":699,"28":619,"29":755,"30":885,"31":344,"32":735,"33":793,"34":493,"35":501,"36":735,"37":584,"38":880,"39":956,"40":1051,"41":697,"42":713,"43":812,"44":789,"45":656,"46":1049,"47":491,"48":708,"49":684,"50":747,"51":792,"52":902,"53":636,"54":620,"55":962,"56":659,"57":1101,"58":771,"59":644,"60":674,"61":1150,"62":640,"63":596,"64":725,"65":722,"66":755,"67":619,"68":381,"69":813,"70":703,"71":949,"72":776,"73":560,"74":632,"75":977,"76":815,"77":937,"78":1131,"79":619,"80":966,"81":759,"82":878,"83":880,"84":583,"85":1034,"86":699,"87":453,"88":880,"89":845,"90":802,"91":972,"92":548,"93":969,"94":1075,"95":483,"96":644,"97":646,"98":855,"99":779},"class":{"0":0,"1":0,"2":0,"3":0,"4":0,"5":0,"6":0,"7":0,"8":0,"9":0,"10":0,"11":0,"12":0,"13":0,"14":0,"15":0,"16":0,"17":0,"18":0,"19":0,"20":0,"21":0,"22":0,"23":0,"24":0,"25":0,"26":0,"27":0,"28":0,"29":0,"30":0,"31":0,"32":0,"33":0,"34":0,"35":0,"36":0,"37":0,"38":0,"39":0,"40":0,"41":0,"42":0,"43":0,"44":0,"45":0,"46":0,"47":0,"48":0,"49":0,"50":0,"51":0,"52":0,"53":0,"54":0,"55":0,"56":0,"57":0,"58":0,"59":0,"60":0,"61":0,"62":0,"63":0,"64":0,"65":0,"66":0,"67":0,"68":0,"69":0,"70":0,"71":0,"72":0,"73":0,"74":0,"75":0,"76":0,"77":0,"78":0,"79":0,"80":0,"81":0,"82":0,"83":0,"84":0,"85":0,"86":0,"87":0,"88":0,"89":0,"90":0,"91":0,"92":0,"93":0,"94":0,"95":0,"96":0,"97":0,"98":0,"99":0}}