{"id":{"0":"7zsXy7vlHdItvUSH8EwQss","1":"5GbJAv0eTdbrAaCUl9oUQy","2":"5dEaQCUCJIQyJs5qVZYXOC","3":"7LN1f9jAIu7yxBzsLMN7RB","4":"5Z3S2vV2yl3SRAeibR9Jbg","5":"3a1lNhkSLSkpJE4MSHpDu9","6":"1D7f8xCwO8i6cpAFRGiYur","7":"6sy3LkhNFjJWlaeSMNwQ62","8":"3SagqXXt1KFUZY5vL7uzMd","9":"0q7oMII7kWTj1ZSX6GT6LU","10":"6b2oQwSGFkzsMtQruIWm2p","11":"66z8EZXSd2VKGHlHX9DZSx","12":"14xWZpduleK1wcMSL73XqY","13":"4dkuqcxZh4ljTMkY6q6ZEo","14":"519lWlgyWsZYnQsBBHUoMc","15":"7i1pavASRUZk62ejaUIESa","16":"0tnTF05Tzd9oeG5bbnCdZy","17":"5fh0FBD9PhkRFKtFoAeOqJ","18":"3uA8SjMyDtwtt0jLPMQbVD","19":"3Fzlg5r1IjhLk2qRw667od","20":"4mapUx15LvqkxwJQcINhvH","21":"5DFvbYOmqUcUaRmgCeIhYl","22":"3xDYVkGV8EDDRwzyDH1a6p","23":"5jrdCoLpJSvHHorevXBATy","24":"2AA1f7utyvXpmtKsEvp5lz","25":"2l8D5dB5pXywjeIeWw16E7","26":"7b8YOVV5quZcSKEijDgyWB","27":"3Ui9jL2IyUyu2EzffYmqPp","28":"1Ntj0hZfncXCQ5hij7igIE","29":"5mrB9IuYaPXPW0BsgB608r","30":"4yOiMpCUGmhZIDGkqiMoAt","31":"3ryjLm3oupIjJFGc39naNi","32":"0jpRjq37IlAjeaobrz4zUJ","33":"3xQjivjUZ4KnUslduTEYKC","34":"7xbg6rwijiTcND5Rv0k64P","35":"5SE57ljOIUJ1ybL9U6CuBH","36":"7yws3pF3FFguwT2Psi6c15","37":"1YLJVmuzeM2YSUkCCaTNUB","38":"6APnYxfLzIg2cejA3v2ljy","39":"1TM0n3pwhDOPZhmhDRpOLS","40":"3nbnyZb8F60d9vHLm8RX9N","41":"1Zv6zo71iDXH07Lin7hxMg","42":"4b1sQpvL7QVgamRZ74F1oA","43":"5b3gvwgmfrm3pkY5kzIJyD","44":"77NNZQSqzLNqh2A9JhLRkg","45":"0ByMNEPAPpOR5H69DVrTNy","46":"6Upu6yjkdi0DVI8E3IBZEU","47":"3PGdPUMdUg7a3Tgr5gkfKK","48":"7LP4Es66zdY7CyjepqmvAg","49":"77IVs9CRYiYnt6qiAFu9By","50":"3JBnDOUd18QKjDqSYuOfpm","51":"2VV0eDxSkOhjZFrGsgT0Ip","52":"0k6ItoyE50QuW50nGYLO2v","53":"0E8IUQ6U20nbu7ErUSQWEE","54":"6HHytHLXLX8QfWTtGfFSvH","55":"0RhbQOahoOBgBE7Qx4AoSy","56":"2M5019yUuxDuaNUYbfdHzp","57":"2CEgGE6aESpnmtfiZwYlbV","58":"0d2iYfpKoM0QCKvcLCkBao","59":"3t54ahneTDvIHb399rhZHA","60":"75vEuMA15pb8JmgrGugHEs","61":"6h4C92fmJxBrBR9oplhoTM","62":"3wnl9a9hSOYQRb2KCycW8d","63":"1fvMkmLfPNJ98Gp0NtOGXm","64":"2V9AMx6KfrGcfBMjuPhP6u","65":"5UEp4uRuXR57Xs6c9YBRVa","66":"1XT3YGrq2TWCfxKPAdQuby","67":"1jbh7orOEd4itgOjiihVEJ","68":"6JF3ZrokJbnLLuhqi2ueKL","69":"2gOlrge3YTmYPwsCGgU62K","70":"3rRitPKQigBGhEL7lXW84l","71":"5ta35q6Xqeia7rV4MlNpRX","72":"37Veo3TsREFZKvfZ0CaI4S","73":"7gHs73wELdeycvS48JfIos","74":"3aW0ds4A4tSQDIp75FqWTo","75":"6e9PEl2mvN7I9sflyuBfv8","76":"44jlAR4JltMotTZJE24KaE","77":"40npQtddMJzU9ZTeMWdvy1","78":"01tMS0uOOkkfFg88P9QPq2","79":"3tkuOfCJcJyzLHc06sx0wj","80":"0Ev562zA4pmUsBqjxsxxdx","81":"1gihuPhrLraKYrJMAEONyc","82":"6CdUgvL597jWmW4w8P5kHs","83":"5XMkENs3GfeRza8MfVAhjK","84":"1FVAYsVYSBPfzBLxkM8aB4","85":"1mr3616BzLdhXfJmLmRsO8","86":"1GPRmRcadnmINbJlutkseu","87":"3ygrjl2JYg3q8eTfcWpj63","88":"3kjyG3jI6a2EzYVa3ZlvFI","89":"27YD36FUikKxbp3bKSiKGZ","90":"0ua0Go4NN4Td7l0Zre6Ce3","91":"2naEVOadudtXHwtZNfjMDM","92":"10hG4ZlpIUGvcZESL6Uhxx","93":"4G3IXyVRxSx5lLhUvv3fu3","94":"4ZAerT2NicBmzZ4VkpmWEn","95":"0GsRx0gPft6RmijIwMsKmG","96":"7uzib3dSSwgUwcD3z0k3bR","97":"1DiyYPW5kCtJufYQO4Qa4O","98":"0jFHMDRXxKaREor3hBEEST","99":"306akccFCc6D29uDoBDt7t"},"title":{"0":"Cold Water","1":"Colours In The Sky","2":"Come Back Home","3":"Come Over","4":"Complex (feat. G-DRAGON)","5":"Congratulations","6":"Coo Lullaby","7":"Counting Stars","8":"Coupe_90","9":"Crawl Outta Love","10":"Creep","11":"Crossroads","12":"Crush U (N-POP) with yoonsang","13":"Cry Me a River","14":"Crying on the In","15":"Crying Over You \u25d0","16":"Ctrl.","17":"Cushty","18":"D (Half Moon)","19":"Dancing in the Moonlight","20":"Dancing King","21":"Dante's Creek - deantrbl Remix","22":"Dark clouds (feat. nafla)","23":"Dark Horse","24":"dayfly","25":"Daylight","26":"DDU-DU DDU-DU","27":"Dem Fraid","28":"Demons","29":"Deux","30":"Digital Sex","31":"dimple","32":"dirty shoelace","33":"Disarm You (feat. Ilsey)","34":"Distant Travels","35":"DNA","36":"Do You Remember","37":"Dog Days Are Over","38":"Doing It for the Money","39":"Don\u2019t Forget","40":"Don\u2019t Leave","41":"Don't know you","42":"Don't Recall","43":"Don't Speak (feat. TIFFANY & King Chain)","44":"Don't Stop Believin'","45":"Don't Stop The Music","46":"Don't Wanna Cry","47":"Don't Wanna Know (feat. Kendrick Lamar)","48":"Down","49":"Downtime","50":"Dream","51":"Dreamin'","52":"Drive (feat. Gray)","53":"Drive Home","54":"Drop It Like It's Hot","55":"Dumb Dumb","56":"Dying To Live","57":"Dynamite","58":"Eastside (with Halsey & Khalid)","59":"ebb\/\/flo","60":"Eenie Meenie","61":"EL TORNADO","62":"Elusive","63":"Embers in the Dark","64":"embrace","65":"En el Bosque No Se Dejaron Ver","66":"equanimity","67":"Equinox","68":"Evening Routine","69":"Every time we touch","70":"everything you say","71":"Evocation","72":"F**kin' Perfect","73":"Faded","74":"FAKE LOVE","75":"Fall's Echoes","76":"Fantastic Baby","77":"Far Apart","78":"Feathers","79":"February","80":"Feel Good (feat. Daya)","81":"Feel So Close - Radio Edit","82":"Fine","83":"Finesse","84":"Fira","85":"Fireflies","86":"Fireworks","87":"First Date","88":"First Sight","89":"First Time","90":"Flashing Lights","91":"Forever Young","92":"Fortress","93":"Fractures","94":"Free Fall","95":"Friday (feat.Jang Yi-jeong of HISTORY)","96":"FXXK IT","97":"gamblers","98":"Gashina","99":"Girls Like You"},"danceability":{"0":0.602,"1":0.432,"2":0.648,"3":0.495,"4":0.82,"5":0.63,"6":0.801,"7":0.664,"8":0.686,"9":0.376,"10":0.515,"11":0.44,"12":0.567,"13":0.592,"14":0.576,"15":0.385,"16":0.635,"17":0.756,"18":0.514,"19":0.632,"20":0.729,"21":0.586,"22":0.893,"23":0.645,"24":0.726,"25":0.662,"26":0.671,"27":0.773,"28":0.505,"29":0.603,"30":0.485,"31":0.612,"32":0.888,"33":0.446,"34":0.657,"35":0.598,"36":0.854,"37":0.492,"38":0.558,"39":0.646,"40":0.537,"41":0.699,"42":0.694,"43":0.646,"44":0.491,"45":0.835,"46":0.781,"47":0.776,"48":0.663,"49":0.701,"50":0.718,"51":0.37,"52":0.651,"53":0.359,"54":0.892,"55":0.778,"56":0.668,"57":0.751,"58":0.56,"59":0.427,"60":0.717,"61":0.856,"62":0.736,"63":0.617,"64":0.767,"65":0.584,"66":0.679,"67":0.711,"68":0.667,"69":0.633,"70":0.679,"71":0.516,"72":0.575,"73":0.589,"74":0.557,"75":0.478,"76":0.725,"77":0.643,"78":0.512,"79":0.514,"80":0.625,"81":0.707,"82":0.36,"83":0.741,"84":0.777,"85":0.513,"86":0.559,"87":0.53,"88":0.688,"89":0.422,"90":0.634,"91":0.6,"92":0.563,"93":0.41,"94":0.429,"95":0.693,"96":0.72,"97":0.725,"98":0.722,"99":0.601},"energy":{"0":0.797,"1":0.756,"2":0.881,"3":0.629,"4":0.458,"5":0.804,"6":0.283,"7":0.705,"8":0.154,"9":0.723,"10":0.43,"11":0.291,"12":0.897,"13":0.671,"14":0.506,"15":0.62,"16":0.125,"17":0.235,"18":0.764,"19":0.858,"20":0.88,"21":0.614,"22":0.713,"23":0.585,"24":0.492,"25":0.67,"26":0.859,"27":0.969,"28":0.71,"29":0.176,"30":0.27,"31":0.844,"32":0.126,"33":0.793,"34":0.243,"35":0.775,"36":0.664,"37":0.81,"38":0.813,"39":0.628,"40":0.722,"41":0.562,"42":0.748,"43":0.843,"44":0.802,"45":0.669,"46":0.683,"47":0.62,"48":0.693,"49":0.376,"50":0.476,"51":0.746,"52":0.749,"53":0.359,"54":0.628,"55":0.789,"56":0.394,"57":0.783,"58":0.68,"59":0.275,"60":0.618,"61":0.807,"62":0.116,"63":0.29,"64":0.123,"65":0.18,"66":0.423,"67":0.206,"68":0.144,"69":0.976,"70":0.276,"71":0.474,"72":0.648,"73":0.651,"74":0.719,"75":0.483,"76":0.836,"77":0.0434,"78":0.204,"79":0.647,"80":0.707,"81":0.924,"82":0.565,"83":0.798,"84":0.15,"85":0.661,"86":0.31,"87":0.212,"88":0.724,"89":0.677,"90":0.649,"91":0.96,"92":0.851,"93":0.711,"94":0.524,"95":0.529,"96":0.746,"97":0.835,"98":0.833,"99":0.469},"key":{"0":6,"1":5,"2":11,"3":6,"4":0,"5":6,"6":9,"7":1,"8":7,"9":7,"10":7,"11":5,"12":11,"13":8,"14":0,"15":1,"16":1,"17":9,"18":7,"19":10,"20":6,"21":8,"22":1,"23":6,"24":10,"25":2,"26":4,"27":2,"28":3,"29":3,"30":10,"31":5,"32":6,"33":5,"34":5,"35":1,"36":11,"37":7,"38":7,"39":5,"40":11,"41":4,"42":10,"43":0,"44":4,"45":6,"46":0,"47":7,"48":11,"49":8,"50":4,"51":8,"52":5,"53":4,"54":1,"55":7,"56":8,"57":4,"58":6,"59":10,"60":1,"61":10,"62":2,"63":11,"64":8,"65":6,"66":2,"67":7,"68":7,"69":8,"70":11,"71":10,"72":7,"73":6,"74":2,"75":11,"76":11,"77":6,"78":10,"79":1,"80":2,"81":7,"82":7,"83":5,"84":4,"85":3,"86":5,"87":0,"88":4,"89":11,"90":6,"91":4,"92":5,"93":4,"94":2,"95":9,"96":0,"97":2,"98":6,"99":0},"loudness":{"0":-5.084,"1":-5.922,"2":-4.42,"3":-7.802,"4":-10.207,"5":-4.183,"6":-11.158,"7":-4.972,"8":-12.784,"9":-2.951,"10":-9.935,"11":-17.171,"12":-3.658,"13":-6.609,"14":-11.576,"15":-8.316,"16":-21.783,"17":-11.746,"18":-5.161,"19":-3.463,"20":-3.712,"21":-6.718,"22":-5.428,"23":-6.122,"24":-8.046,"25":-5.504,"26":-3.922,"27":-3.161,"28":-3.015,"29":-13.773,"30":-10.537,"31":-4.694,"32":-13.624,"33":-3.912,"34":-12.126,"35":-4.035,"36":-4.88,"37":-5.315,"38":-4.669,"39":-5.81,"40":-5.807,"41":-5.573,"42":-2.93,"43":-5.656,"44":-7.106,"45":-5.582,"46":-4.258,"47":-6.198,"48":-4.505,"49":-14.037,"50":-9.205,"51":-5.199,"52":-3.707,"53":-9.193,"54":-3.832,"55":-4.297,"56":-7.954,"57":-3.724,"58":-7.648,"59":-13.966,"60":-4.238,"61":-4.171,"62":-12.195,"63":-12.327,"64":-13.197,"65":-14.158,"66":-14.429,"67":-11.173,"68":-11.14,"69":-5.362,"70":-19.497,"71":-13.426,"72":-4.747,"73":-5.097,"74":-4.515,"75":-10.506,"76":-3.927,"77":-24.906,"78":-6.141,"79":-5.602,"80":-4.761,"81":-2.842,"82":-4.898,"83":-5.342,"84":-11.922,"85":-6.8,"86":-10.53,"87":-9.468,"88":-5.421,"89":-5.76,"90":-7.505,"91":-1.807,"92":-4.928,"93":-3.064,"94":-4.399,"95":-4.819,"96":-3.143,"97":-8.722,"98":-3.915,"99":-7.157},"mode":{"0":0,"1":1,"2":0,"3":0,"4":1,"5":1,"6":1,"7":0,"8":1,"9":1,"10":1,"11":0,"12":0,"13":0,"14":0,"15":0,"16":0,"17":1,"18":1,"19":1,"20":1,"21":0,"22":1,"23":1,"24":0,"25":1,"26":0,"27":1,"28":1,"29":1,"30":0,"31":0,"32":0,"33":0,"34":1,"35":0,"36":1,"37":1,"38":0,"39":1,"40":1,"41":0,"42":0,"43":0,"44":1,"45":0,"46":1,"47":1,"48":0,"49":1,"50":1,"51":1,"52":0,"53":1,"54":1,"55":0,"56":1,"57":1,"58":0,"59":1,"60":1,"61":0,"62":0,"63":0,"64":1,"65":0,"66":1,"67":0,"68":0,"69":1,"70":0,"71":0,"72":1,"73":1,"74":0,"75":1,"76":0,"77":0,"78":1,"79":0,"80":1,"81":1,"82":1,"83":0,"84":0,"85":1,"86":0,"87":1,"88":0,"89":1,"90":0,"91":1,"92":1,"93":1,"94":1,"95":1,"96":0,"97":0,"98":1,"99":1},"acousticness":{"0":0.055,"1":0.297,"2":0.00155,"3":0.0821,"4":0.592,"5":0.215,"6":0.685,"7":0.0654,"8":0.92,"9":0.178,"10":0.0102,"11":0.812,"12":0.0143,"13":0.568,"14":0.00936,"15":0.0815,"16":0.881,"17":0.164,"18":0.234,"19":0.0624,"20":0.0185,"21":0.00343,"22":0.07,"23":0.00314,"24":0.566,"25":0.0022,"26":0.0323,"27":0.00457,"28":0.19,"29":0.439,"30":0.809,"31":0.142,"32":0.671,"33":0.0434,"34":0.438,"35":0.022,"36":0.0278,"37":0.0416,"38":0.0036,"39":0.451,"40":0.00562,"41":0.213,"42":0.0222,"43":0.0576,"44":0.25,"45":0.0336,"46":0.164,"47":0.341,"48":0.0149,"49":0.732,"50":0.422,"51":0.358,"52":0.188,"53":0.702,"54":0.169,"55":0.0334,"56":0.538,"57":0.00379,"58":0.555,"59":0.824,"60":0.0654,"61":0.0184,"62":0.808,"63":0.508,"64":0.899,"65":0.7,"66":0.174,"67":0.77,"68":0.252,"69":0.00281,"70":0.489,"71":0.683,"72":0.0383,"73":0.0291,"74":0.00267,"75":0.198,"76":0.00231,"77":0.8,"78":0.811,"79":0.635,"80":0.22,"81":0.000972,"82":0.358,"83":0.00781,"84":0.839,"85":0.0274,"86":0.526,"87":0.314,"88":0.157,"89":0.251,"90":0.0315,"91":0.0426,"92":0.194,"93":0.373,"94":0.458,"95":0.56,"96":0.152,"97":0.537,"98":0.0556,"99":0.571},"instrumentalness":{"0":0.0,"1":0.0000296,"2":0.00000111,"3":0.0,"4":0.0000452,"5":0.0,"6":0.665,"7":0.0,"8":0.885,"9":0.0,"10":0.000141,"11":0.831,"12":0.0,"13":0.0,"14":0.908,"15":0.0,"16":0.888,"17":0.749,"18":0.0,"19":0.0,"20":0.0,"21":0.0,"22":0.0000102,"23":0.0,"24":0.00000814,"25":0.0,"26":0.0,"27":0.00813,"28":0.00025,"29":0.589,"30":0.033,"31":0.0,"32":0.619,"33":0.0000414,"34":0.886,"35":0.0,"36":0.0,"37":0.00379,"38":0.00358,"39":0.0,"40":0.000385,"41":0.0,"42":0.0,"43":0.00319,"44":0.0,"45":0.0000692,"46":0.00000153,"47":0.0,"48":0.0,"49":0.877,"50":0.0,"51":0.0000329,"52":0.0,"53":0.594,"54":0.0,"55":0.00000205,"56":0.918,"57":0.0,"58":0.0,"59":0.907,"60":0.0,"61":0.0,"62":0.938,"63":0.855,"64":0.81,"65":0.316,"66":0.28,"67":0.916,"68":0.885,"69":0.0000129,"70":0.869,"71":0.835,"72":0.0,"73":0.0000032,"74":0.0,"75":0.923,"76":0.0,"77":0.842,"78":0.612,"79":0.416,"80":0.0,"81":0.00703,"82":0.0,"83":0.0,"84":0.847,"85":0.0,"86":0.937,"87":0.953,"88":0.0000217,"89":0.00000355,"90":0.0,"91":0.0,"92":0.000691,"93":0.00179,"94":0.0000617,"95":0.0,"96":0.0,"97":0.649,"98":0.0,"99":0.00000112},"liveness":{"0":0.187,"1":0.338,"2":0.113,"3":0.632,"4":0.467,"5":0.253,"6":0.0861,"7":0.115,"8":0.0758,"9":0.0815,"10":0.129,"11":0.898,"12":0.397,"13":0.0974,"14":0.114,"15":0.352,"16":0.167,"17":0.128,"18":0.0576,"19":0.347,"20":0.0574,"21":0.186,"22":0.0519,"23":0.165,"24":0.257,"25":0.203,"26":0.267,"27":0.0929,"28":0.329,"29":0.0978,"30":0.112,"31":0.287,"32":0.0742,"33":0.159,"34":0.117,"35":0.0677,"36":0.118,"37":0.117,"38":0.179,"39":0.198,"40":0.303,"41":0.42,"42":0.155,"43":0.0799,"44":0.387,"45":0.0535,"46":0.16,"47":0.0978,"48":0.0778,"49":0.0421,"50":0.0876,"51":0.12,"52":0.0723,"53":0.106,"54":0.102,"55":0.225,"56":0.0953,"57":0.036,"58":0.116,"59":0.635,"60":0.0978,"61":0.0947,"62":0.108,"63":0.106,"64":0.0948,"65":0.319,"66":0.103,"67":0.131,"68":0.204,"69":0.382,"70":0.354,"71":0.116,"72":0.364,"73":0.111,"74":0.306,"75":0.127,"76":0.0927,"77":0.102,"78":0.102,"79":0.348,"80":0.213,"81":0.204,"82":0.0448,"83":0.0232,"84":0.173,"85":0.118,"86":0.147,"87":0.108,"88":0.0735,"89":0.16,"90":0.482,"91":0.0882,"92":0.694,"93":0.139,"94":0.124,"95":0.111,"96":0.276,"97":0.23,"98":0.195,"99":0.128},"valence":{"0":0.492,"1":0.446,"2":0.457,"3":0.281,"4":0.552,"5":0.492,"6":0.0402,"7":0.477,"8":0.53,"9":0.167,"10":0.104,"11":0.0783,"12":0.405,"13":0.572,"14":0.792,"15":0.415,"16":0.156,"17":0.28,"18":0.49,"19":0.872,"20":0.957,"21":0.394,"22":0.82,"23":0.353,"24":0.526,"25":0.352,"26":0.389,"27":0.432,"28":0.428,"29":0.709,"30":0.308,"31":0.653,"32":0.567,"33":0.313,"34":0.436,"35":0.687,"36":0.782,"37":0.245,"38":0.616,"39":0.261,"40":0.413,"41":0.471,"42":0.521,"43":0.536,"44":0.472,"45":0.542,"46":0.722,"47":0.427,"48":0.71,"49":0.683,"50":0.448,"51":0.199,"52":0.93,"53":0.235,"54":0.676,"55":0.799,"56":0.264,"57":0.816,"58":0.319,"59":0.157,"60":0.786,"61":0.915,"62":0.088,"63":0.329,"64":0.545,"65":0.203,"66":0.0898,"67":0.41,"68":0.469,"69":0.493,"70":0.302,"71":0.447,"72":0.494,"73":0.166,"74":0.344,"75":0.362,"76":0.544,"77":0.0398,"78":0.15,"79":0.267,"80":0.479,"81":0.919,"82":0.311,"83":0.939,"84":0.938,"85":0.461,"86":0.395,"87":0.66,"88":0.207,"89":0.146,"90":0.509,"91":0.503,"92":0.471,"93":0.266,"94":0.227,"95":0.555,"96":0.587,"97":0.756,"98":0.53,"99":0.399},"tempo":{"0":92.928,"1":87.898,"2":100.011,"3":167.784,"4":95.014,"5":123.146,"6":109.151,"7":122.017,"8":82.018,"9":84.146,"10":91.841,"11":170.085,"12":128.022,"13":73.983,"14":176.05,"15":75.564,"16":85.06,"17":83.969,"18":169.836,"19":119.397,"20":127.987,"21":157.995,"22":104.976,"23":131.931,"24":85.939,"25":119.977,"26":139.931,"27":130.02,"28":89.938,"29":79.947,"30":79.964,"31":134.868,"32":111.979,"33":127.799,"34":80.006,"35":129.819,"36":125.84,"37":149.954,"38":154.925,"39":93.897,"40":131.985,"41":104.995,"42":92.918,"43":135.004,"44":119.25,"45":122.668,"46":100.005,"47":100.025,"48":66.002,"49":86.987,"50":48.973,"51":150.082,"52":150.019,"53":176.016,"54":92.063,"55":145.99,"56":78.742,"57":119.975,"58":89.391,"59":80.461,"60":121.225,"61":116.02,"62":77.935,"63":59.999,"64":130.069,"65":82.048,"66":103.985,"67":142.086,"68":80.626,"69":142.027,"70":141.956,"71":76.727,"72":92.021,"73":90.011,"74":77.501,"75":168.856,"76":130.053,"77":102.996,"78":159.596,"79":89.786,"80":138.064,"81":127.937,"82":173.281,"83":104.953,"84":87.997,"85":180.118,"86":188.177,"87":139.003,"88":104.974,"89":150.131,"90":90.482,"91":109.863,"92":141.951,"93":159.837,"94":133.97,"95":80.026,"96":90.026,"97":165.966,"98":93.941,"99":60.356},"duration_ms":{"0":185360,"1":250947,"2":244588,"3":266137,"4":207493,"5":220293,"6":163902,"7":257840,"8":70000,"9":242012,"10":238640,"11":154000,"12":204375,"13":287893,"14":140733,"15":242672,"16":104664,"17":94565,"18":229360,"19":232693,"20":244463,"21":210448,"22":167944,"23":215672,"24":207113,"25":225400,"26":209355,"27":210462,"28":175200,"29":84075,"30":168000,"31":196776,"32":87875,"33":221133,"34":156500,"35":223123,"36":210307,"37":251840,"38":226027,"39":219107,"40":169107,"41":189410,"42":208667,"43":205333,"44":248907,"45":267080,"46":203427,"47":214265,"48":212107,"49":99310,"50":222415,"51":320166,"52":212334,"53":133531,"54":266067,"55":202543,"56":89230,"57":202613,"58":173800,"59":150000,"60":202627,"61":152417,"62":92414,"63":154125,"64":144000,"65":126093,"66":138462,"67":112000,"68":144625,"69":197124,"70":158500,"71":137696,"72":213587,"73":212627,"74":242334,"75":158000,"76":232587,"77":279612,"78":120051,"79":133333,"80":248156,"81":206413,"82":209157,"83":191000,"84":147500,"85":228347,"86":138000,"87":147958,"88":205524,"89":297782,"90":237507,"91":237077,"92":203662,"93":245250,"94":205970,"95":217156,"96":231811,"97":82250,"98":180000,"99":215230},"time_signature":{"0":4,"1":4,"2":4,"3":4,"4":4,"5":4,"6":5,"7":4,"8":4,"9":4,"10":4,"11":4,"12":4,"13":4,"14":4,"15":4,"16":4,"17":4,"18":4,"19":4,"20":4,"21":4,"22":4,"23":4,"24":4,"25":4,"26":4,"27":4,"28":4,"29":4,"30":1,"31":4,"32":4,"33":4,"34":4,"35":4,"36":4,"37":4,"38":4,"39":4,"40":4,"41":4,"42":4,"43":4,"44":4,"45":4,"46":4,"47":4,"48":4,"49":4,"50":4,"51":4,"52":4,"53":4,"54":4,"55":4,"56":4,"57":4,"58":4,"59":4,"60":4,"61":4,"62":3,"63":4,"64":4,"65":4,"66":4,"67":4,"68":4,"69":4,"70":4,"71":4,"72":4,"73":4,"74":4,"75":3,"76":4,"77":4,"78":4,"79":4,"80":4,"81":4,"82":4,"83":4,"84":4,"85":4,"86":4,"87":4,"88":4,"89":4,"90":4,"91":4,"92":4,"93":4,"94":4,"95":4,"96":4,"97":4,"98":4,"99":4},"num_bars":{"0":70,"1":92,"2":100,"3":184,"4":81,"5":111,"6":73,"7":129,"8":22,"9":81,"10":88,"11":108,"12":108,"13":89,"14":102,"15":75,"16":36,"17":31,"18":163,"19":113,"20":128,"21":135,"22":72,"23":119,"24":73,"25":111,"26":117,"27":110,"28":65,"29":27,"30":53,"31":107,"32":39,"33":116,"34":50,"35":118,"36":107,"37":156,"38":144,"39":85,"40":91,"41":81,"42":78,"43":112,"44":122,"45":135,"46":83,"47":88,"48":57,"49":35,"50":43,"51":197,"52":129,"53":92,"54":101,"55":123,"56":27,"57":99,"58":61,"59":51,"60":100,"61":70,"62":39,"63":37,"64":75,"65":42,"66":59,"67":65,"68":48,"69":115,"70":92,"71":43,"72":80,"73":77,"74":76,"75":145,"76":123,"77":118,"78":79,"79":47,"80":142,"81":106,"82":146,"83":81,"84":52,"85":166,"86":104,"87":85,"88":87,"89":186,"90":87,"91":108,"92":119,"93":163,"94":104,"95":70,"96":86,"97":55,"98":69,"99":54},"num_sections":{"0":9,"1":9,"2":11,"3":10,"4":8,"5":14,"6":8,"7":8,"8":3,"9":10,"10":7,"11":6,"12":8,"13":9,"14":7,"15":7,"16":7,"17":5,"18":12,"19":6,"20":12,"21":9,"22":7,"23":10,"24":8,"25":10,"26":11,"27":7,"28":8,"29":3,"30":7,"31":8,"32":5,"33":9,"34":9,"35":12,"36":10,"37":7,"38":8,"39":6,"40":7,"41":6,"42":9,"43":10,"44":12,"45":8,"46":11,"47":9,"48":12,"49":6,"50":7,"51":10,"52":11,"53":5,"54":13,"55":13,"56":5,"57":10,"58":8,"59":7,"60":8,"61":6,"62":5,"63":8,"64":5,"65":4,"66":6,"67":6,"68":6,"69":10,"70":6,"71":5,"72":8,"73":9,"74":13,"75":6,"76":9,"77":8,"78":6,"79":6,"80":13,"81":6,"82":8,"83":10,"84":5,"85":12,"86":5,"87":8,"88":9,"89":14,"90":16,"91":8,"92":9,"93":10,"94":10,"95":8,"96":10,"97":4,"98":10,"99":8},"num_segments":{"0":715,"1":765,"2":881,"3":967,"4":834,"5":817,"6":629,"7":1001,"8":252,"9":712,"10":697,"11":551,"12":731,"13":1108,"14":677,"15":867,"16":384,"17":371,"18":817,"19":840,"20":965,"21":780,"22":693,"23":809,"24":770,"25":807,"26":787,"27":948,"28":571,"29":359,"30":505,"31":730,"32":219,"33":885,"34":655,"35":800,"36":788,"37":883,"38":875,"39":700,"40":631,"41":787,"42":862,"43":805,"44":814,"45":1066,"46":780,"47":893,"48":779,"49":356,"50":803,"51":1100,"52":892,"53":499,"54":1211,"55":846,"56":254,"57":726,"58":746,"59":546,"60":795,"61":689,"62":248,"63":493,"64":541,"65":443,"66":605,"67":415,"68":442,"69":727,"70":592,"71":620,"72":649,"73":696,"74":929,"75":437,"76":909,"77":800,"78":427,"79":443,"80":889,"81":780,"82":721,"83":859,"84":501,"85":881,"86":504,"87":561,"88":737,"89":966,"90":850,"91":898,"92":774,"93":797,"94":656,"95":740,"96":881,"97":418,"98":721,"99":889},"class":{"0":1,"1":1,"2":1,"3":1,"4":1,"5":1,"6":1,"7":1,"8":1,"9":1,"10":1,"11":1,"12":1,"13":1,"14":1,"15":1,"16":1,"17":1,"18":1,"19":1,"20":1,"21":1,"22":1,"23":1,"24":1,"25":1,"26":1,"27":1,"28":1,"29":1,"30":1,"31":1,"32":1,"33":1,"34":1,"35":1,"36":1,"37":1,"38":1,"39":1,"40":1,"41":1,"42":1,"43":1,"44":1,"45":1,"46":1,"47":1,"48":1,"49":1,"50":1,"51":1,"52":1,"53":1,"54":1,"55":1,"56":1,"57":1,"58":1,"59":1,"60":1,"61":1,"62":1,"63":1,"64":1,"65":1,"66":1,"67":1,"68":1,"69":1,"70":1,"71":1,"72":1,"73":1,"74":1,"75":1,"76":1,"77":1,"78":1,"79":1,"80":1,"81":1,"82":1,"83":1,"84":1,"85":1,"86":1,"87":1,"88":1,"89":1,"90":1,"91":1,"92":1,"93":1,"94":1,"95":1,"96":1,"97":1,"98":1,"99":1}}