{"id":{"0":"1oU2vrVzQxqoZJZSw80Ven","1":"5yuShbu70mtHXY0yLzCQLQ","2":"4VFE6ZNqa8jHAmbYICoAFg","3":"7yvqrojd4NUJCyyJpLX6WN","4":"7oyYX44cfa4UiDRuQ2JiAf","5":"0y4CZzUZKjays43Cw0AtRs","6":"5HnXcJJbNXQQ7tRlQ9VN1v","7":"6gBFPUFcJLzWGx4lenP6h2","8":"6dsnBVYmOkQ5sYWOluVYw8","9":"0kdiUZDcLIFw0Buo9r0Q4z","10":"6rJAu6uq9E0uxcZnQ4J2yH","11":"72hncYiVFu5oqerfJOdbai","12":"7dJQE9KR1E8rNKw6MQKVbb","13":"6CyJlVAEFlNdpggOLanytL","14":"5Zx1zVpDJsNgyY3HvNfsfC","15":"6E9V9TRlVOLjenGjHemzEH","16":"2Mm239hUicUXlB44D2AACJ","17":"1R9FxlRkvKtt36dtTHs93X","18":"4WCDbasKSCy6E2OozyqM9J","19":"0w3Q14i073jLoew1hgJkwD","20":"1HXy5I3HTWq8OvxCn0z7G7","21":"0OmcsdbwTjyR0f22EzhYDk","22":"6GBEjkFlNzM2trwa8rgnIU","23":"1v5ofVOxXpTUiQgDrx3hq7","24":"6g7vndAmUE7X1jcLR9HZSy","25":"35uNLytBqYl3PCOknFvMtg","26":"4pYd8dIohiqc3KsxSRqf0w","27":"6lm00Sc0dqwT9IAo910H6D","28":"7foMdEhJevqESQw39FQcuv","29":"38nVuIj9mi5a8oopOJhSJk","30":"7ELW8QMNYkoxWskwXMD3WW","31":"6u2qyJK7Zw5T5ZYgNtfVdM","32":"6cGxmIZSQPWTTu5wETTPfA","33":"0zuxO487SuQyvVjhzR5t7D","34":"4l0qnhvbBKT3Z1r4wH4Fmx","35":"1mMLN2aOuIeeDk707pZplJ","36":"0UIVFgDEenxbfq2g9GqCXu","37":"2U5zKkqkcWlEoqs86fNfYx","38":"5rKNYYab1xRvERXBJ0wb0o","39":"2cxU72H3CkiHJKiJhOj1Rm","40":"5Ao3vArhHOJBFvr7DjxBki","41":"6pbaTgcj9kCmw9aPg2qONs","42":"4H5o4bRAqOW6WUMyN8Vn7A","43":"728wpR0sdHsE8rrAngOKMS","44":"1TwLKNsCnhi1HxbIi4bAW0","45":"58TaFP5j5i9swOf584yon2","46":"5tMViyamkwQmHjMm1OajDi","47":"3UZ9aPaYlBBlAvpdh3kK0U","48":"3TPw0Ycu40YKYCZB59zhjA","49":"6RbSpgqV4oDW0x6NxeHlqn","50":"1f5PNhkNgUpvDEeZfcIlO1","51":"5aj0xPGiEUN3aI2oOYu14S","52":"31YEIj7d0CNnD6jzvezpzk","53":"75ZvA4QfFiZvzhj2xkaWAh","54":"0F845nujLVqCb0XMZCh5Pc","55":"58q2HKrzhC3ozto2nDdN4z","56":"5S5rw0WLVCAux5B5bWCehK","57":"4FkgULes13bk2eHrsJg4q9","58":"7rdK9NSJIRBZAiXC0vuBS9","59":"0H04yVa3DJxoXbLBpAb7iV","60":"1jKcwPfDloLOMxC1wMV0ux","61":"1CoYSKw2gTtSfrK2704AEz","62":"0BFCbH1cxzeUSJBVwJGRLg","63":"4opFnnWBvTyIHphVt7CKwq","64":"2sNrTfdjbYiLL5xtYwUALB","65":"1TTRHcMxujlWMznURoWuoi","66":"7sdXnxsqD2gMEit0drCY2r","67":"4vXtSl7omsYgTRANnIudOS","68":"3Oe3VdPn6rAueriQvFhCBA","69":"10M2Ex445zw585Ducldzkw","70":"2dWgzqawzDkBL8QfZw92Ub","71":"1DOhiRRtEVKAwTRwOl7MWB","72":"0OepwhbyraIWqCCV6MBFsm","73":"6bXie9wd4w6z9Nr4I9lPne","74":"3mPYh8UShQl4S4uHcE1026","75":"7KGbqCYWaXdJxhsuilkcwF","76":"0iA1unTbTbDOWUSlbwJ1pS","77":"6sPU9OszXkQNdTGqntmhc3","78":"7vxdcpE3MZjoy6YORh5sTD","79":"51VHAM1iIikiX2qTf4FCFl","80":"3qk2iOZM0ARc9tWzP8JBn9","81":"0PkUaDJWFdteFCK1PxSpiA","82":"0LZA36VEmc6n0Y7X29zIgE","83":"43GfQ1SC17rBWiHkOtdwK8","84":"3SJVCbBFTxR6UvvTWRNbMp","85":"6DefzsWqnwrFrmNVnJxWkS","86":"5gq5Nd94U4gkM9ZhyJCbHS","87":"5HJvDTnAaDWqhsE841I1QR","88":"384Oc8MQzITdL2DGyCeivN","89":"0giHB6YKuecRFIQEwxXHsN","90":"1hhKz47znaRrENXATNytgb","91":"0jPLBur1qXRfj3pbuJSX03","92":"4f3fb3alVLFc8Ga4ncpg7x","93":"1o58Z1uYnQUqfFHaA8ykIC","94":"3cT2KPDofP6iN0zfxAoALu","95":"2m2ZGfJcs3lHWNPzhWH3XH","96":"3qFFkPzWBOiwdLErjSTvh9","97":"0jpVL2Aqrobh6tBi2AIOh7","98":"0PAR95bj6egxPtdzMkgFEU","99":"66XXCMX3Na7KNfm5e0tOVZ"},"title":{"0":"Gmail","1":"Go Flex","2":"God, Your Mama, And Me","3":"Going to America","4":"Goner","5":"Good as You","6":"Good Girl","7":"goosebumps","8":"Got It All","9":"Greatest Love Story","10":"Growin' Up","11":"Gwandian (feat. Richa Chadda)","12":"Hallelujah","13":"Hangin' On","14":"Happens Like That","15":"Hard To Love","16":"Head On (feat. Kevin Gates)","17":"Head Over Boots","18":"Heart's Having a Hard Time","19":"Heartache On The Dance Floor","20":"Heaven","21":"Heavy Is The Weight (feat. Andy Mineo)","22":"Hectic (feat. DJ Hardwerk)","23":"Heeriye","24":"The Hell I Overcame","25":"Hell Yeah Damn Right (Ole Miss Tribute)","26":"Hello Beautiful","27":"Hephaistos","28":"Here Comes The Boom","29":"Here Tonight","30":"Here Tonight","31":"Hereafter","32":"Hey There","33":"Him You Want","34":"Hit Me Up","35":"Hmmm (TM88, Southside feat. Lil Yachty & Valee)","36":"Hold Me","37":"Hold You to It","38":"Holding My Breath","39":"Home With Her","40":"Hometown Girl","41":"Hostage","42":"Hot Diggity","43":"Hot Wings","44":"House Party","45":"HOUSTONFORNICATION","46":"How Does It Sound","47":"Hurricane","48":"Husn Nawabi","49":"I Am Above","50":"I Do (feat. SZA)","51":"I Don't Dance","52":"I Don't Know About You","53":"I Fall Apart","54":"I Fall In Love Too Easily - Vocal Version","55":"I Like It","56":"I Like The Sound Of That","57":"I Want Crazy - Encore","58":"I'd Be Jealous Too","59":"I'm Comin' Over","60":"I'm Gonna Get Married","61":"I'm Not Goin' (feat. Kevin Gates)","62":"I've Grown Accustomed To Her Face - Remastered\/1998","63":"I've Waited So Long - from the film \"Idle on Parade\"","64":"Icey","65":"If I Give My Heart To You","66":"If I Know Me","67":"If You Ever Wanna","68":"Illegal Weapon","69":"In Case You Didn't Know","70":"In Case You Didn't Know","71":"In My Head","72":"In This House (feat. Gucci Mane)","73":"Inferno","74":"It All Depends On You","75":"It Doesn't Matter Anymore","76":"It Don't Hurt Like It Used To","77":"It's Almost Tomorrow","78":"Itsy Bitsy Teenie Weenie Yellow Polka Dot Bikini (Bonus Track)","79":"Ivy (Doomsday)","80":"Jaan Atki","81":"Jaan Kad Di Jaave (feat. H Dhami & Lyan)","82":"Jaani Tera Naa","83":"Jab Koi Baat - Recreated","84":"Jind Mahi","85":"Jo Tu Na Mila","86":"Just Watch (feat. Trill Sammy)","87":"Kamariya","88":"Kept Back (feat. Lil Pump) - Bonus Track","89":"Ki Kargeyi","90":"Kill 'Em With Success (with ScHoolboy Q, 2 Chainz & Mike WiLL Made-It) - From \"Creed II: The Album\"","91":"Killed Before","92":"Kiss Somebody","93":"Knightridah","94":"Kyrie","95":"La Modelo","96":"The Lady Is a Tramp","97":"Lady Luck","98":"Lakes of Flame","99":"Last Memory"},"danceability":{"0":0.763,"1":0.665,"2":0.439,"3":0.692,"4":0.614,"5":0.634,"6":0.711,"7":0.841,"8":0.657,"9":0.665,"10":0.609,"11":0.803,"12":0.446,"13":0.434,"14":0.557,"15":0.638,"16":0.897,"17":0.637,"18":0.494,"19":0.594,"20":0.677,"21":0.556,"22":0.718,"23":0.628,"24":0.391,"25":0.636,"26":0.504,"27":0.452,"28":0.59,"29":0.517,"30":0.517,"31":0.513,"32":0.278,"33":0.631,"34":0.648,"35":0.642,"36":0.627,"37":0.907,"38":0.474,"39":0.731,"40":0.504,"41":0.501,"42":0.88,"43":0.902,"44":0.747,"45":0.689,"46":0.536,"47":0.443,"48":0.84,"49":0.544,"50":0.886,"51":0.587,"52":0.594,"53":0.556,"54":0.532,"55":0.816,"56":0.611,"57":0.562,"58":0.716,"59":0.575,"60":0.574,"61":0.835,"62":0.567,"63":0.251,"64":0.796,"65":0.499,"66":0.783,"67":0.464,"68":0.814,"69":0.607,"70":0.596,"71":0.584,"72":0.781,"73":0.56,"74":0.532,"75":0.665,"76":0.503,"77":0.446,"78":0.814,"79":0.5,"80":0.745,"81":0.474,"82":0.776,"83":0.667,"84":0.73,"85":0.508,"86":0.538,"87":0.337,"88":0.907,"89":0.678,"90":0.849,"91":0.697,"92":0.57,"93":0.828,"94":0.687,"95":0.822,"96":0.444,"97":0.591,"98":0.521,"99":0.853},"energy":{"0":0.708,"1":0.498,"2":0.802,"3":0.673,"4":0.808,"5":0.516,"6":0.696,"7":0.728,"8":0.651,"9":0.621,"10":0.814,"11":0.851,"12":0.401,"13":0.831,"14":0.807,"15":0.722,"16":0.628,"17":0.669,"18":0.63,"19":0.824,"20":0.556,"21":0.951,"22":0.715,"23":0.876,"24":0.975,"25":0.787,"26":0.472,"27":0.942,"28":0.969,"29":0.776,"30":0.776,"31":0.973,"32":0.0953,"33":0.732,"34":0.541,"35":0.603,"36":0.828,"37":0.364,"38":0.94,"39":0.614,"40":0.805,"41":0.987,"42":0.622,"43":0.646,"44":0.861,"45":0.723,"46":0.761,"47":0.804,"48":0.767,"49":0.98,"50":0.473,"51":0.559,"52":0.808,"53":0.538,"54":0.0657,"55":0.726,"56":0.8,"57":0.878,"58":0.718,"59":0.845,"60":0.528,"61":0.527,"62":0.124,"63":0.417,"64":0.357,"65":0.0867,"66":0.605,"67":0.717,"68":0.666,"69":0.536,"70":0.544,"71":0.488,"72":0.676,"73":0.97,"74":0.318,"75":0.179,"76":0.824,"77":0.156,"78":0.266,"79":0.833,"80":0.737,"81":0.774,"82":0.882,"83":0.621,"84":0.705,"85":0.507,"86":0.91,"87":0.963,"88":0.637,"89":0.854,"90":0.791,"91":0.675,"92":0.684,"93":0.614,"94":0.701,"95":0.743,"96":0.512,"97":0.635,"98":0.929,"99":0.696},"key":{"0":8,"1":5,"2":7,"3":6,"4":6,"5":8,"6":7,"7":7,"8":0,"9":10,"10":0,"11":6,"12":8,"13":8,"14":7,"15":9,"16":1,"17":7,"18":6,"19":9,"20":9,"21":9,"22":7,"23":1,"24":10,"25":0,"26":9,"27":0,"28":7,"29":11,"30":11,"31":6,"32":10,"33":6,"34":9,"35":1,"36":7,"37":0,"38":7,"39":7,"40":3,"41":8,"42":10,"43":9,"44":8,"45":0,"46":7,"47":10,"48":8,"49":10,"50":7,"51":1,"52":1,"53":8,"54":0,"55":5,"56":0,"57":8,"58":0,"59":10,"60":7,"61":2,"62":0,"63":7,"64":1,"65":9,"66":8,"67":1,"68":6,"69":10,"70":10,"71":8,"72":10,"73":7,"74":0,"75":7,"76":3,"77":0,"78":2,"79":1,"80":11,"81":11,"82":8,"83":5,"84":5,"85":0,"86":11,"87":7,"88":10,"89":0,"90":2,"91":7,"92":6,"93":0,"94":6,"95":1,"96":2,"97":5,"98":1,"99":1},"loudness":{"0":-6.297,"1":-8.185,"2":-3.644,"3":-7.02,"4":-5.22,"5":-6.05,"6":-5.05,"7":-3.37,"8":-7.717,"9":-8.571,"10":-4.263,"11":-5.112,"12":-7.883,"13":-4.774,"14":-5.428,"15":-6.177,"16":-4.693,"17":-4.608,"18":-5.037,"19":-4.252,"20":-6.544,"21":-3.179,"22":-3.449,"23":-3.936,"24":-4.292,"25":-4.359,"26":-6.925,"27":-4.308,"28":-3.396,"29":-5.271,"30":-5.271,"31":-4.115,"32":-13.454,"33":-6.047,"34":-8.776,"35":-6.976,"36":-4.571,"37":-6.327,"38":-6.429,"39":-7.525,"40":-5.653,"41":-4.794,"42":-9.772,"43":-5.218,"44":-5.251,"45":-4.052,"46":-5.532,"47":-6.432,"48":-5.575,"49":-4.495,"50":-7.338,"51":-7.742,"52":-5.749,"53":-5.408,"54":-19.136,"55":-3.998,"56":-5.61,"57":-4.806,"58":-5.355,"59":-3.838,"60":-9.322,"61":-5.48,"62":-16.446,"63":-11.739,"64":-11.678,"65":-13.097,"66":-5.792,"67":-7.605,"68":-6.555,"69":-7.306,"70":-7.294,"71":-8.02,"72":-3.857,"73":-6.071,"74":-9.78,"75":-16.727,"76":-4.039,"77":-12.984,"78":-17.523,"79":-5.545,"80":-5.648,"81":-3.685,"82":-2.864,"83":-5.697,"84":-4.358,"85":-5.33,"86":-3.747,"87":-2.93,"88":-5.498,"89":-6.881,"90":-5.163,"91":-4.688,"92":-7.054,"93":-4.412,"94":-6.054,"95":-2.038,"96":-9.808,"97":-5.456,"98":-6.135,"99":-6.179},"mode":{"0":1,"1":1,"2":1,"3":0,"4":1,"5":1,"6":1,"7":1,"8":0,"9":1,"10":1,"11":0,"12":0,"13":1,"14":1,"15":1,"16":0,"17":1,"18":1,"19":1,"20":1,"21":1,"22":1,"23":0,"24":0,"25":1,"26":1,"27":1,"28":1,"29":1,"30":1,"31":0,"32":1,"33":0,"34":0,"35":1,"36":0,"37":1,"38":1,"39":0,"40":0,"41":0,"42":1,"43":1,"44":1,"45":0,"46":1,"47":1,"48":1,"49":0,"50":0,"51":1,"52":1,"53":0,"54":0,"55":0,"56":1,"57":1,"58":1,"59":1,"60":1,"61":1,"62":1,"63":0,"64":1,"65":1,"66":1,"67":0,"68":1,"69":1,"70":1,"71":0,"72":0,"73":1,"74":1,"75":1,"76":1,"77":0,"78":1,"79":1,"80":0,"81":0,"82":0,"83":1,"84":0,"85":0,"86":1,"87":1,"88":1,"89":0,"90":1,"91":1,"92":1,"93":0,"94":1,"95":1,"96":0,"97":1,"98":0,"99":0},"acousticness":{"0":0.07,"1":0.228,"2":0.333,"3":0.134,"4":0.0896,"5":0.4,"6":0.16,"7":0.0847,"8":0.0125,"9":0.38,"10":0.0226,"11":0.324,"12":0.628,"13":0.0651,"14":0.189,"15":0.0119,"16":0.0267,"17":0.0919,"18":0.0332,"19":0.0617,"20":0.263,"21":0.000464,"22":0.782,"23":0.0711,"24":0.0000263,"25":0.000383,"26":0.54,"27":0.00354,"28":0.00214,"29":0.0144,"30":0.0144,"31":0.0000458,"32":0.838,"33":0.0865,"34":0.332,"35":0.0167,"36":0.218,"37":0.389,"38":0.000156,"39":0.137,"40":0.269,"41":0.0000252,"42":0.524,"43":0.157,"44":0.113,"45":0.0985,"46":0.0141,"47":0.0165,"48":0.0122,"49":0.0000342,"50":0.27,"51":0.399,"52":0.601,"53":0.0689,"54":0.94,"55":0.099,"56":0.257,"57":0.0539,"58":0.0896,"59":0.0282,"60":0.768,"61":0.156,"62":0.792,"63":0.685,"64":0.0075,"65":0.98,"66":0.766,"67":0.00578,"68":0.488,"69":0.386,"70":0.397,"71":0.403,"72":0.0563,"73":0.000244,"74":0.865,"75":0.806,"76":0.083,"77":0.842,"78":0.522,"79":0.00958,"80":0.178,"81":0.0141,"82":0.0653,"83":0.47,"84":0.286,"85":0.0636,"86":0.197,"87":0.284,"88":0.0713,"89":0.46,"90":0.00355,"91":0.275,"92":0.136,"93":0.0594,"94":0.0335,"95":0.213,"96":0.761,"97":0.351,"98":0.0000103,"99":0.179},"instrumentalness":{"0":0.0106,"1":0.0,"2":0.0,"3":0.00000481,"4":0.000365,"5":0.0,"6":0.0,"7":0.0,"8":0.0,"9":0.0,"10":0.00000114,"11":0.00000552,"12":0.00000243,"13":0.0,"14":0.0,"15":0.00808,"16":0.00000447,"17":0.0,"18":0.0,"19":0.0,"20":0.0,"21":0.0,"22":0.00000648,"23":0.0,"24":0.0,"25":0.0000017,"26":0.0,"27":0.0,"28":0.132,"29":0.0,"30":0.0,"31":0.00326,"32":0.0,"33":0.00000345,"34":0.00000683,"35":0.0000154,"36":0.0000216,"37":0.0000033,"38":0.00899,"39":0.000013,"40":0.103,"41":0.275,"42":0.0,"43":0.0000102,"44":0.0,"45":0.0,"46":0.0,"47":0.00000289,"48":0.0000496,"49":0.00000685,"50":0.0000258,"51":0.00000669,"52":0.0,"53":0.0,"54":0.00488,"55":0.0,"56":0.0,"57":0.0,"58":0.0,"59":0.0,"60":0.0,"61":0.0,"62":0.0,"63":0.0,"64":0.0,"65":0.0,"66":0.0000742,"67":0.000331,"68":0.0000423,"69":0.0,"70":0.0,"71":0.0,"72":0.0,"73":0.0000206,"74":0.0,"75":0.0,"76":0.0,"77":0.0,"78":0.0,"79":0.0,"80":0.0,"81":0.0,"82":0.000151,"83":0.0000415,"84":0.0,"85":0.0000115,"86":0.0,"87":0.0,"88":0.0,"89":0.00147,"90":0.0,"91":0.0,"92":0.0,"93":0.0,"94":0.0,"95":0.0103,"96":0.0,"97":0.0,"98":0.00492,"99":0.0},"liveness":{"0":0.13,"1":0.0757,"2":0.377,"3":0.391,"4":0.0895,"5":0.142,"6":0.17,"7":0.149,"8":0.0811,"9":0.119,"10":0.382,"11":0.441,"12":0.0958,"13":0.119,"14":0.234,"15":0.189,"16":0.119,"17":0.103,"18":0.115,"19":0.0861,"20":0.105,"21":0.292,"22":0.14,"23":0.165,"24":0.0927,"25":0.312,"26":0.306,"27":0.24,"28":0.952,"29":0.113,"30":0.113,"31":0.224,"32":0.166,"33":0.183,"34":0.143,"35":0.144,"36":0.102,"37":0.0575,"38":0.0667,"39":0.151,"40":0.117,"41":0.365,"42":0.715,"43":0.088,"44":0.026,"45":0.158,"46":0.133,"47":0.181,"48":0.077,"49":0.0689,"50":0.0864,"51":0.0992,"52":0.119,"53":0.196,"54":0.0946,"55":0.372,"56":0.194,"57":0.112,"58":0.473,"59":0.0814,"60":0.188,"61":0.121,"62":0.106,"63":0.138,"64":0.0966,"65":0.118,"66":0.109,"67":0.102,"68":0.108,"69":0.102,"70":0.106,"71":0.131,"72":0.119,"73":0.182,"74":0.169,"75":0.189,"76":0.21,"77":0.117,"78":0.0243,"79":0.167,"80":0.109,"81":0.148,"82":0.11,"83":0.13,"84":0.113,"85":0.359,"86":0.0611,"87":0.281,"88":0.0816,"89":0.14,"90":0.334,"91":0.0767,"92":0.205,"93":0.142,"94":0.0851,"95":0.0957,"96":0.395,"97":0.228,"98":0.365,"99":0.286},"valence":{"0":0.732,"1":0.127,"2":0.725,"3":0.766,"4":0.647,"5":0.769,"6":0.694,"7":0.43,"8":0.619,"9":0.632,"10":0.385,"11":0.883,"12":0.214,"13":0.596,"14":0.578,"15":0.469,"16":0.636,"17":0.638,"18":0.287,"19":0.671,"20":0.521,"21":0.482,"22":0.616,"23":0.564,"24":0.233,"25":0.637,"26":0.313,"27":0.319,"28":0.223,"29":0.448,"30":0.448,"31":0.159,"32":0.144,"33":0.501,"34":0.333,"35":0.6,"36":0.368,"37":0.874,"38":0.456,"39":0.508,"40":0.496,"41":0.213,"42":0.955,"43":0.416,"44":0.859,"45":0.288,"46":0.495,"47":0.438,"48":0.508,"49":0.191,"50":0.438,"51":0.19,"52":0.73,"53":0.291,"54":0.292,"55":0.65,"56":0.527,"57":0.558,"58":0.537,"59":0.376,"60":0.683,"61":0.292,"62":0.343,"63":0.269,"64":0.454,"65":0.293,"66":0.674,"67":0.401,"68":0.714,"69":0.434,"70":0.393,"71":0.347,"72":0.535,"73":0.381,"74":0.726,"75":0.856,"76":0.448,"77":0.295,"78":0.965,"79":0.451,"80":0.3,"81":0.306,"82":0.789,"83":0.451,"84":0.655,"85":0.218,"86":0.661,"87":0.405,"88":0.496,"89":0.37,"90":0.34,"91":0.292,"92":0.531,"93":0.639,"94":0.372,"95":0.78,"96":0.613,"97":0.797,"98":0.45,"99":0.184},"tempo":{"0":160.035,"1":81.967,"2":168.032,"3":173.849,"4":103.059,"5":153.831,"6":80.512,"7":130.049,"8":94.991,"9":147.975,"10":126.006,"11":106.852,"12":145.15,"13":156.034,"14":81.045,"15":103.017,"16":147.997,"17":108.078,"18":81.824,"19":116.005,"20":80.009,"21":128.051,"22":89.088,"23":130.037,"24":74.994,"25":85.009,"26":73.521,"27":76.996,"28":105.022,"29":96.002,"30":96.002,"31":121.018,"32":73.71,"33":96.995,"34":147.903,"35":86.635,"36":117.882,"37":105.034,"38":174.953,"39":80.025,"40":155.956,"41":129.981,"42":109.324,"43":139.989,"44":103.966,"45":160.042,"46":82.007,"47":151.928,"48":97.004,"49":120.026,"50":135.065,"51":92.036,"52":144.028,"53":143.95,"54":128.607,"55":136.048,"56":89.974,"57":103.029,"58":100.934,"59":127.997,"60":119.463,"61":131.02,"62":79.37,"63":96.796,"64":150.039,"65":77.719,"66":100.004,"67":164.065,"68":94.02,"69":147.986,"70":147.976,"71":136.96,"72":146.107,"73":99.992,"74":146.863,"75":115.203,"76":161.981,"77":83.579,"78":123.304,"79":145.955,"80":98.927,"81":130.027,"82":93.99,"83":106.032,"84":139.924,"85":159.68,"86":124.938,"87":62.481,"88":130.012,"89":93.991,"90":140.053,"91":158.133,"92":89.012,"93":98.029,"94":159.915,"95":98.005,"96":138.986,"97":122.241,"98":104.004,"99":118.001},"duration_ms":{"0":216947,"1":179613,"2":183413,"3":179310,"4":195587,"5":192053,"6":189533,"7":243837,"8":190208,"9":222400,"10":205373,"11":174584,"12":247765,"13":185440,"14":171493,"15":224293,"16":117995,"17":205120,"18":174087,"19":205200,"20":179507,"21":208125,"22":172584,"23":305236,"24":214399,"25":193587,"26":216993,"27":246547,"28":251560,"29":216533,"30":216533,"31":255587,"32":220600,"33":185789,"34":198290,"35":192325,"36":204180,"37":176159,"38":274311,"39":179231,"40":216187,"41":196002,"42":132920,"43":195587,"44":190240,"45":217828,"46":162400,"47":223800,"48":165773,"49":229816,"50":200205,"51":221173,"52":207933,"53":223347,"54":201440,"55":253390,"56":209280,"57":236865,"58":185707,"59":197280,"60":143000,"61":196087,"62":162867,"63":167653,"64":232147,"65":172667,"66":157693,"67":203547,"68":230000,"69":224853,"70":224853,"71":223523,"72":212133,"73":192652,"74":127133,"75":124000,"76":184506,"77":165893,"78":141892,"79":214493,"80":274674,"81":203361,"82":188606,"83":192229,"84":175000,"85":234037,"86":184320,"87":251640,"88":177652,"89":215074,"90":262968,"91":220707,"92":213183,"93":190446,"94":167107,"95":256551,"96":172244,"97":133960,"98":218203,"99":171270},"time_signature":{"0":4,"1":4,"2":4,"3":4,"4":4,"5":4,"6":4,"7":4,"8":4,"9":4,"10":4,"11":4,"12":3,"13":4,"14":4,"15":4,"16":4,"17":4,"18":4,"19":4,"20":4,"21":4,"22":4,"23":4,"24":4,"25":4,"26":4,"27":4,"28":4,"29":4,"30":4,"31":4,"32":4,"33":4,"34":4,"35":5,"36":4,"37":4,"38":4,"39":4,"40":4,"41":4,"42":3,"43":4,"44":4,"45":4,"46":4,"47":4,"48":4,"49":4,"50":4,"51":4,"52":4,"53":4,"54":4,"55":4,"56":4,"57":4,"58":4,"59":4,"60":4,"61":4,"62":4,"63":3,"64":4,"65":4,"66":4,"67":4,"68":4,"69":4,"70":4,"71":4,"72":4,"73":4,"74":4,"75":4,"76":4,"77":3,"78":4,"79":4,"80":4,"81":3,"82":4,"83":4,"84":4,"85":4,"86":4,"87":4,"88":4,"89":4,"90":4,"91":4,"92":4,"93":4,"94":4,"95":4,"96":4,"97":4,"98":4,"99":4},"num_bars":{"0":144,"1":61,"2":125,"3":127,"4":81,"5":121,"6":62,"7":130,"8":73,"9":131,"10":105,"11":77,"12":197,"13":118,"14":55,"15":93,"16":71,"17":89,"18":57,"19":97,"20":56,"21":109,"22":62,"23":166,"24":66,"25":65,"26":65,"27":76,"28":111,"29":84,"30":84,"31":127,"32":68,"33":75,"34":120,"35":85,"36":98,"37":75,"38":197,"39":57,"40":139,"41":103,"42":78,"43":113,"44":80,"45":142,"46":52,"47":139,"48":63,"49":113,"50":111,"51":81,"52":122,"53":134,"54":99,"55":142,"56":76,"57":99,"58":77,"59":103,"60":69,"61":108,"62":52,"63":87,"64":143,"65":53,"66":64,"67":136,"68":88,"69":135,"70":136,"71":122,"72":130,"73":79,"74":74,"75":58,"76":122,"77":75,"78":70,"79":129,"80":112,"81":187,"82":70,"83":84,"84":100,"85":154,"86":84,"87":101,"88":95,"89":84,"90":152,"91":146,"92":74,"93":75,"94":109,"95":103,"96":98,"97":67,"98":93,"99":82},"num_sections":{"0":10,"1":11,"2":6,"3":9,"4":12,"5":10,"6":7,"7":11,"8":12,"9":10,"10":10,"11":7,"12":12,"13":6,"14":8,"15":6,"16":6,"17":9,"18":7,"19":8,"20":9,"21":9,"22":10,"23":15,"24":9,"25":8,"26":9,"27":8,"28":11,"29":8,"30":8,"31":9,"32":10,"33":7,"34":9,"35":6,"36":7,"37":9,"38":11,"39":9,"40":12,"41":8,"42":7,"43":7,"44":9,"45":10,"46":6,"47":7,"48":8,"49":7,"50":9,"51":10,"52":9,"53":11,"54":8,"55":13,"56":10,"57":12,"58":9,"59":8,"60":11,"61":6,"62":8,"63":9,"64":11,"65":8,"66":9,"67":11,"68":12,"69":10,"70":10,"71":12,"72":10,"73":8,"74":7,"75":6,"76":8,"77":8,"78":6,"79":10,"80":14,"81":12,"82":10,"83":11,"84":9,"85":15,"86":11,"87":12,"88":5,"89":10,"90":16,"91":11,"92":9,"93":10,"94":7,"95":10,"96":10,"97":8,"98":8,"99":11},"num_segments":{"0":943,"1":658,"2":591,"3":706,"4":881,"5":618,"6":672,"7":958,"8":759,"9":750,"10":658,"11":929,"12":764,"13":592,"14":624,"15":721,"16":505,"17":657,"18":558,"19":682,"20":572,"21":720,"22":748,"23":1293,"24":715,"25":637,"26":686,"27":738,"28":993,"29":731,"30":731,"31":884,"32":605,"33":724,"34":720,"35":877,"36":849,"37":556,"38":1108,"39":688,"40":674,"41":732,"42":494,"43":852,"44":746,"45":914,"46":545,"47":700,"48":660,"49":912,"50":802,"51":705,"52":755,"53":720,"54":514,"55":1042,"56":814,"57":841,"58":653,"59":619,"60":431,"61":818,"62":429,"63":543,"64":989,"65":503,"66":691,"67":723,"68":1183,"69":747,"70":760,"71":636,"72":891,"73":886,"74":387,"75":447,"76":576,"77":422,"78":505,"79":683,"80":1279,"81":878,"82":874,"83":685,"84":684,"85":862,"86":768,"87":862,"88":771,"89":1102,"90":1061,"91":939,"92":773,"93":811,"94":710,"95":1110,"96":650,"97":445,"98":880,"99":742},"class":{"0":0,"1":0,"2":0,"3":0,"4":0,"5":0,"6":0,"7":0,"8":0,"9":0,"10":0,"11":0,"12":0,"13":0,"14":0,"15":0,"16":0,"17":0,"18":0,"19":0,"20":0,"21":0,"22":0,"23":0,"24":0,"25":0,"26":0,"27":0,"28":0,"29":0,"30":0,"31":0,"32":0,"33":0,"34":0,"35":0,"36":0,"37":0,"38":0,"39":0,"40":0,"41":0,"42":0,"43":0,"44":0,"45":0,"46":0,"47":0,"48":0,"49":0,"50":0,"51":0,"52":0,"53":0,"54":0,"55":0,"56":0,"57":0,"58":0,"59":0,"60":0,"61":0,"62":0,"63":0,"64":0,"65":0,"66":0,"67":0,"68":0,"69":0,"70":0,"71":0,"72":0,"73":0,"74":0,"75":0,"76":0,"77":0,"78":0,"79":0,"80":0,"81":0,"82":0,"83":0,"84":0,"85":0,"86":0,"87":0,"88":0,"89":0,"90":0,"91":0,"92":0,"93":0,"94":0,"95":0,"96":0,"97":0,"98":0,"99":0}}