{"id":{"0":"4SZepBIPDRwPaHIjAKwRDb","1":"7wp11KA4HOMYuEy8Jyi5VY","2":"2cprj4IIX0QXOlk6DrrWxS","3":"38rj3cH6qGnUfqVixVOwBm","4":"2WqTKOAUmv7hz9ZzGnXHrY","5":"4t1QqT8aWe9Piky1oKfQHh","6":"5tVKwlMiod9GwmgW4M0XfL","7":"4GSjFSK1SM78wPTVbsSB0S","8":"5fSPbm5lcwtqwXkeQQswW8","9":"0YVdTI4w1BEqSjGNXcRjX1","10":"25oOaleife6E2MIKmFkPvg","11":"3qAyjdhtnU2a14rrRKEkcE","12":"1uUQAz0CkdMctJ7NNCUUD7","13":"0xHkm0w5yb7C4A7oTS4gbq","14":"7sO5G9EABYOXQKNPNiE9NR","15":"2Mm9FCqnjH9k6JfOvr3Hg7","16":"4fc7s6ducbIc1gpaHqLJfJ","17":"5DfWF0jqMgZDCiu9zJENTA","18":"2u2MEFiKxBrFh1bct2pvWu","19":"6uUbQnzl9J7rOOirRITGjW","20":"7f70SPA3myPcuPepsXc7OB","21":"5FY4uYtImpQporoncKhclK","22":"6XOWT1kWp6GzpEX0LMt8lP","23":"0osjWey7JJl7RORk3UnbfB","24":"5T6DM9qjjngWnukcw0svkX","25":"75we94vmkDgE5GLaPPJaGP","26":"5ZbNy41c4YvFBsemQnnkej","27":"56eGOeSsqdg3FLxdo83TwV","28":"7tKlCt5J3iO8eXxzmwJoZV","29":"7CL6oaDC9d0QXFMQRkNBmy","30":"3S1ml6NqVkVBjYNB8QgXE7","31":"7lK1NoLrKpbBacTxlnIjax","32":"60vPqZFW2hJWGvT10zPLtW","33":"5W8U3zV3xjeZL0gjKapWxZ","34":"0h0BIUrAch3T6DVV6bFTKX","35":"754rWf13aiZhl8xaSYg5J4","36":"48t1aADyfDbDA3TzxqQHrN","37":"1LhMopPAallLeaeNutqbgS","38":"5qgEK0SeIuMikzMvQjOp0M","39":"65wnZsZLKJimfK1cTFOfa1","40":"44e7zSLoW54t5TdQ1jRjO5","41":"3Wn9D3IaFJV17sTqI9El04","42":"0nqIqABZcujg05mkixJV60","43":"0CfmNX2TXk7yoJqHJiixnp","44":"6AwPEpVjrWnJ0Avv5Krvgr","45":"698eQRku24PIYPQPHItKlA","46":"2p2cCrOaNrIOLk5ArtlHy6","47":"0NpvdCO506uO58D4AbKzki","48":"11hil3T4O8IqmSUQ4HoOpY","49":"4P92FrvmYQSAfOpp4cpFEi","50":"4LiMQ6G9n84rDUBs9wtwz6","51":"3pJkBPHadRAxBBo484RipI","52":"6NMtzpDQBTOfJwMzgMX0zl","53":"7p7pzSVr2zovan3m1m5hFm","54":"1Wjk9qHVbxgOopOEP9SqLW","55":"6zkHymyoD3tIqV7RwCAYUw","56":"6MBUUSIWCzaXW4q58Ktrv9","57":"0i2qj6IvyogojhQZRoJ80J","58":"045SnNDjOfOLKM5OxARH4g","59":"4GUw58qvAkm2VI6tC5mjFr","60":"1SVqPKwkGssw1ao0Jqmx2b","61":"2VdKelTyQHxQKyeTbimoHS","62":"7px4t7HGiuMUvFkEOpZEwp","63":"467eMlMa6dmZezv8LRLJmU","64":"7kkOuhyWcINZMDh4QGVyMB","65":"5gub2bpJRgJP4m4MliqtdV","66":"7q7jyVU0f0hnod8tsaUmxg","67":"05ZACkzW8YbRq3eFgIfSNB","68":"7H5q9RsWBDRrKq2qCdv2HG","69":"3v3rpmbduyPuu78MhdOCwy","70":"3Ez6NnXxlcktJad5TY1nlo","71":"6rqxivjFHp8K0yMiefG56g","72":"5Jtm7KutHequCEiYgWw6Sq","73":"1jqARIDOovT45LDzxAQ6RA","74":"7fVEEiMCp2upcIp3pecMrl","75":"2g5TgTjDM64RjrPL5eC0Q1","76":"71uRTq9mNhaSMbrry5nIC3","77":"5ZbDZcaNIsEhZcRdbp8UCd","78":"702RdmOBmeHXG2jAmNeGN8","79":"6EUDUDQP5ynE3g5SWCA8sc","80":"1zWZvrk13cL8Sl3VLeG57F","81":"4fv0mLkB3wY4Z2GAG1mWAN","82":"1MR7XamWS0XH6vZxeeRdE0","83":"3dCZm5HrG0jIXAHfNkg2H0","84":"7JK0nPw98vJmgEElMUfg5v","85":"6fI3tBVND8zUXZi9rr2Yps","86":"4w8niZpiMy6qz1mntFA5uM","87":"3IsKpoXOhSQaqxrCsTn3fv","88":"70QXmJ7wOeJOAMDswhqiVy","89":"4kKgn11J60MHCrfS4AfbIm","90":"0V69ok9ziCQi9EHlxLiUw0","91":"5ButoUh5xM097isfCBxKlE","92":"5vh9NBSSM9boPG6FDFbviE","93":"2qiJyqDaLSlwmgvkid7UN7","94":"000RDCYioLteXcutOjeweY","95":"6AhHYWJOBMRjEi2z1tWpYa","96":"1raJLuHKTmc3au4fC2pmRm","97":"4qRcbyRIuoiscjlmrkviMG","98":"7Il2yWQmsqKgSkLQvHTPUI","99":"6vgSxW7UmoEYKICOR443ZY"},"title":{"0":"R.I.P. SCREW","1":"Raindrops","2":"Raise Your Banner - Single Edit","3":"Rang","4":"Realist In It (feat. Gucci Mane & Offset)","5":"Reason To Stay","6":"Reason To Stay","7":"The Reckoning","8":"Record Year","9":"REDNECKER","10":"Relationship (feat. Future)","11":"Reverse (Ft. G-Eazy)","12":"Rewind","13":"Rhinestone World","14":"Ric Flair Drip (& Metro Boomin)","15":"Ride","16":"Right Now","17":"Ring (feat. Kehlani)","18":"The Ritual","19":"Rockin' All Night Long","20":"Rockin' Robin","21":"Rollin","22":"Roti","23":"Round & Round (feat. Sama Blake)","24":"Round Here","25":"Rugged","26":"Rules of Breaking Up","27":"Rumor","28":"Runaround","29":"Runnin' Outta Moonlight","30":"Runnin\u2019 Away From Home","31":"S.O.S.","32":"Sauce All On Me","33":"Sauce Boyz","34":"Sauce Like This","35":"Savior","36":"Say Na (feat. J. Cole)","37":"Say Something","38":"Scars (feat. Florestan Durand)","39":"Seeing Blind","40":"Setting Sun","41":"Seven Days","42":"Sham Pain","43":"She Bad","44":"She Got the Best of Me","45":"She Got the Best of Me","46":"She's With Me","47":"Sherry","48":"The Ship And The Bottle","49":"Simple","50":"Singles You Up","51":"Sixteen","52":"SKELETONS","53":"Sky Fall","54":"Sleep Without You","55":"Sleep Without You","56":"Slow Dance In A Parking Lot","57":"Slower","58":"Small Town Boy","59":"Someone Else's Roses","60":"Someone I Used To Know","61":"Something 'Bout You","62":"Song for Another Time","63":"Soul Plane","64":"Southside","65":"Space Cadet (feat. Gunna)","66":"Speechless","67":"Springsteen","68":"Stabbing In The Dark","69":"St\u00e5lf\u00e5gel","70":"Stand By Me","71":"Stay A Little Longer","72":"Still Love Me?","73":"Still Tippin' (feat. Slim Thug and Paul Wall)","74":"Stranger In Paradise","75":"Stripper Hoe","76":"Stupid Cupid","77":"Survivalist","78":"Swang","79":"Sway","80":"T-Shirt","81":"Take Back Home Girl (Feat. Tori Kelly)","82":"Take Good Care Of My Baby - 1990 Remastered","83":"Take It From Me","84":"Take It From Me","85":"Take One","86":"Taki Taki (with Selena Gomez, Ozuna & Cardi B)","87":"Taking Off","88":"Talk to Me","89":"Talk You Out Of It","90":"Talking to a Girl","91":"Te Bote Punjabi (Remix)","92":"A Tear Fell","93":"Tears On My Pillow","94":"Teeje Week","95":"A Teenager In Love","96":"Tempted To Touch (feat. Rupee)","97":"Tequila","98":"Tequila","99":"Tere Liye - Remix by DJ Kiran Kamath (From \"Namaste England\")"},"danceability":{"0":0.607,"1":0.568,"2":0.354,"3":0.666,"4":0.932,"5":0.704,"6":0.704,"7":0.31,"8":0.589,"9":0.538,"10":0.842,"11":0.836,"12":0.758,"13":0.513,"14":0.88,"15":0.677,"16":0.621,"17":0.767,"18":0.414,"19":0.526,"20":0.43,"21":0.788,"22":0.741,"23":0.697,"24":0.523,"25":0.786,"26":0.646,"27":0.655,"28":0.371,"29":0.532,"30":0.505,"31":0.704,"32":0.934,"33":0.863,"34":0.885,"35":0.48,"36":0.795,"37":0.707,"38":0.431,"39":0.709,"40":0.533,"41":0.437,"42":0.554,"43":0.791,"44":0.52,"45":0.533,"46":0.599,"47":0.703,"48":0.621,"49":0.375,"50":0.491,"51":0.707,"52":0.46,"53":0.652,"54":0.631,"55":0.626,"56":0.523,"57":0.697,"58":0.553,"59":0.322,"60":0.621,"61":0.692,"62":0.497,"63":0.874,"64":0.793,"65":0.901,"66":0.631,"67":0.692,"68":0.345,"69":0.557,"70":0.349,"71":0.555,"72":0.642,"73":0.86,"74":0.194,"75":0.875,"76":0.598,"77":0.284,"78":0.587,"79":0.701,"80":0.647,"81":0.494,"82":0.491,"83":0.592,"84":0.598,"85":0.657,"86":0.841,"87":0.554,"88":0.689,"89":0.652,"90":0.63,"91":0.669,"92":0.391,"93":0.43,"94":0.679,"95":0.564,"96":0.751,"97":0.77,"98":0.474,"99":0.628},"energy":{"0":0.609,"1":0.444,"2":0.858,"3":0.609,"4":0.658,"5":0.769,"6":0.769,"7":0.825,"8":0.641,"9":0.751,"10":0.597,"11":0.703,"12":0.803,"13":0.901,"14":0.428,"15":0.497,"16":0.58,"17":0.543,"18":0.965,"19":0.611,"20":0.738,"21":0.673,"22":0.825,"23":0.748,"24":0.954,"25":0.522,"26":0.758,"27":0.56,"28":0.137,"29":0.801,"30":0.722,"31":0.813,"32":0.628,"33":0.491,"34":0.787,"35":0.977,"36":0.845,"37":0.632,"38":0.973,"39":0.571,"40":0.826,"41":0.157,"42":0.938,"43":0.504,"44":0.745,"45":0.907,"46":0.931,"47":0.478,"48":0.613,"49":0.889,"50":0.907,"51":0.531,"52":0.686,"53":0.69,"54":0.716,"55":0.707,"56":0.837,"57":0.531,"58":0.747,"59":0.18,"60":0.746,"61":0.692,"62":0.805,"63":0.671,"64":0.704,"65":0.464,"66":0.44,"67":0.809,"68":0.943,"69":0.969,"70":0.264,"71":0.89,"72":0.706,"73":0.861,"74":0.165,"75":0.64,"76":0.699,"77":0.99,"78":0.699,"79":0.694,"80":0.857,"81":0.796,"82":0.431,"83":0.891,"84":0.893,"85":0.613,"86":0.798,"87":0.942,"88":0.671,"89":0.712,"90":0.598,"91":0.733,"92":0.295,"93":0.329,"94":0.77,"95":0.283,"96":0.674,"97":0.708,"98":0.594,"99":0.938},"key":{"0":0,"1":7,"2":1,"3":6,"4":1,"5":8,"6":8,"7":1,"8":5,"9":7,"10":2,"11":0,"12":7,"13":9,"14":9,"15":10,"16":1,"17":1,"18":7,"19":3,"20":7,"21":8,"22":5,"23":2,"24":1,"25":0,"26":1,"27":9,"28":10,"29":2,"30":8,"31":0,"32":2,"33":1,"34":1,"35":0,"36":1,"37":10,"38":6,"39":9,"40":1,"41":2,"42":11,"43":10,"44":11,"45":11,"46":11,"47":7,"48":3,"49":3,"50":7,"51":1,"52":0,"53":11,"54":10,"55":5,"56":7,"57":2,"58":9,"59":6,"60":6,"61":2,"62":11,"63":0,"64":6,"65":5,"66":1,"67":2,"68":10,"69":11,"70":9,"71":6,"72":1,"73":6,"74":0,"75":1,"76":3,"77":1,"78":1,"79":3,"80":2,"81":11,"82":1,"83":10,"84":10,"85":1,"86":1,"87":4,"88":2,"89":4,"90":10,"91":4,"92":2,"93":0,"94":0,"95":1,"96":0,"97":10,"98":11,"99":0},"loudness":{"0":-5.978,"1":-9.962,"2":-7.189,"3":-8.988,"4":-7.708,"5":-5.647,"6":-5.647,"7":-4.53,"8":-8.12,"9":-5.472,"10":-6.336,"11":-4.731,"12":-6.695,"13":-3.643,"14":-8.28,"15":-8.064,"16":-6.891,"17":-7.881,"18":-4.864,"19":-5.591,"20":-10.671,"21":-8.203,"22":-4.461,"23":-4.901,"24":-3.051,"25":-9.408,"26":-3.639,"27":-6.857,"28":-14.754,"29":-3.759,"30":-5.148,"31":-3.913,"32":-5.084,"33":-8.51,"34":-6.962,"35":-2.684,"36":-5.068,"37":-7.031,"38":-2.981,"39":-7.617,"40":-2.768,"41":-9.821,"42":-4.901,"43":-7.864,"44":-5.391,"45":-3.793,"46":-3.662,"47":-8.062,"48":-8.778,"49":-3.704,"50":-3.594,"51":-7.014,"52":-5.948,"53":-7.1,"54":-5.713,"55":-5.755,"56":-4.494,"57":-7.141,"58":-5.905,"59":-7.825,"60":-5.69,"61":-6.065,"62":-3.995,"63":-5.862,"64":-8.41,"65":-9.789,"66":-5.948,"67":-5.935,"68":-4.184,"69":-4.739,"70":-10.831,"71":-5.533,"72":-6.212,"73":-7.131,"74":-14.315,"75":-8.622,"76":-8.271,"77":-3.058,"78":-6.033,"79":-5.443,"80":-5.381,"81":-3.968,"82":-12.257,"83":-3.144,"84":-3.136,"85":-7.308,"86":-4.206,"87":-5.447,"88":-7.002,"89":-4.588,"90":-6.293,"91":-4.383,"92":-10.896,"93":-6.235,"94":-3.537,"95":-13.624,"96":-7.367,"97":-8.311,"98":-5.756,"99":-1.821},"mode":{"0":0,"1":1,"2":1,"3":0,"4":0,"5":1,"6":1,"7":1,"8":1,"9":1,"10":1,"11":1,"12":1,"13":1,"14":1,"15":0,"16":1,"17":0,"18":1,"19":1,"20":1,"21":0,"22":1,"23":1,"24":1,"25":0,"26":0,"27":1,"28":0,"29":1,"30":1,"31":1,"32":1,"33":1,"34":1,"35":0,"36":1,"37":1,"38":0,"39":1,"40":0,"41":1,"42":0,"43":1,"44":1,"45":1,"46":1,"47":1,"48":1,"49":1,"50":1,"51":1,"52":0,"53":0,"54":1,"55":0,"56":1,"57":1,"58":1,"59":1,"60":0,"61":1,"62":1,"63":1,"64":0,"65":0,"66":1,"67":1,"68":0,"69":0,"70":1,"71":1,"72":0,"73":0,"74":1,"75":0,"76":1,"77":0,"78":1,"79":1,"80":1,"81":1,"82":1,"83":1,"84":1,"85":1,"86":0,"87":0,"88":1,"89":1,"90":1,"91":0,"92":1,"93":1,"94":1,"95":1,"96":1,"97":0,"98":1,"99":1},"acousticness":{"0":0.389,"1":0.532,"2":0.000269,"3":0.0391,"4":0.207,"5":0.00882,"6":0.00882,"7":0.00356,"8":0.205,"9":0.0506,"10":0.00252,"11":0.031,"12":0.00415,"13":0.012,"14":0.149,"15":0.365,"16":0.272,"17":0.049,"18":0.00000486,"19":0.112,"20":0.439,"21":0.0044,"22":0.0713,"23":0.028,"24":0.00385,"25":0.265,"26":0.155,"27":0.749,"28":0.946,"29":0.0371,"30":0.028,"31":0.0138,"32":0.0538,"33":0.152,"34":0.00545,"35":0.0000269,"36":0.0337,"37":0.103,"38":0.0000189,"39":0.0466,"40":0.0000283,"41":0.812,"42":0.000176,"43":0.0183,"44":0.0152,"45":0.0292,"46":0.0285,"47":0.626,"48":0.0365,"49":0.0848,"50":0.0491,"51":0.0147,"52":0.00146,"53":0.213,"54":0.013,"55":0.0169,"56":0.301,"57":0.251,"58":0.0244,"59":0.878,"60":0.000927,"61":0.189,"62":0.125,"63":0.0346,"64":0.00966,"65":0.368,"66":0.328,"67":0.1,"68":0.00123,"69":0.0000391,"70":0.692,"71":0.0414,"72":0.0057,"73":0.0361,"74":0.891,"75":0.0351,"76":0.787,"77":0.000427,"78":0.0297,"79":0.363,"80":0.0318,"81":0.381,"82":0.698,"83":0.0267,"84":0.0227,"85":0.123,"86":0.153,"87":0.00308,"88":0.202,"89":0.596,"90":0.101,"91":0.0223,"92":0.76,"93":0.883,"94":0.0583,"95":0.635,"96":0.0184,"97":0.00791,"98":0.0292,"99":0.0273},"instrumentalness":{"0":0.000016,"1":0.0,"2":0.0000155,"3":0.0012,"4":0.0,"5":0.00000133,"6":0.00000133,"7":0.0,"8":0.0,"9":0.0000952,"10":0.0,"11":0.0,"12":0.0,"13":0.0000444,"14":0.0000507,"15":0.0000363,"16":0.0,"17":0.0,"18":0.00000598,"19":0.0000526,"20":0.0102,"21":0.0226,"22":0.0,"23":0.0,"24":0.00000165,"25":0.0,"26":0.0,"27":0.0,"28":0.0000187,"29":0.00000707,"30":0.0,"31":0.0,"32":0.00000372,"33":0.0,"34":0.0,"35":0.0000647,"36":0.0,"37":0.0000109,"38":0.000185,"39":0.0,"40":0.000876,"41":0.0,"42":0.0000029,"43":0.0,"44":0.0,"45":0.0,"46":0.0,"47":0.0,"48":0.0104,"49":0.0,"50":0.0,"51":0.00000211,"52":0.0,"53":0.0,"54":0.0,"55":0.0,"56":0.0,"57":0.000125,"58":0.0,"59":0.0,"60":0.00108,"61":0.0,"62":0.0,"63":0.0,"64":0.00393,"65":0.0000171,"66":0.0,"67":0.0000977,"68":0.0,"69":0.156,"70":0.000124,"71":0.131,"72":0.0,"73":0.0000407,"74":0.043,"75":0.00000401,"76":0.00000504,"77":0.00000988,"78":0.0000322,"79":0.0,"80":0.0,"81":0.0,"82":0.0,"83":0.0,"84":0.0,"85":0.0,"86":0.00000333,"87":0.0000619,"88":0.0,"89":0.0,"90":0.0058,"91":0.00000636,"92":0.0,"93":0.00000341,"94":0.0,"95":0.0,"96":0.0,"97":0.0000131,"98":0.0,"99":0.0},"liveness":{"0":0.111,"1":0.05,"2":0.383,"3":0.261,"4":0.118,"5":0.135,"6":0.135,"7":0.641,"8":0.0864,"9":0.1,"10":0.124,"11":0.124,"12":0.13,"13":0.117,"14":0.114,"15":0.12,"16":0.137,"17":0.115,"18":0.122,"19":0.308,"20":0.064,"21":0.108,"22":0.195,"23":0.533,"24":0.243,"25":0.123,"26":0.174,"27":0.115,"28":0.123,"29":0.0633,"30":0.105,"31":0.135,"32":0.103,"33":0.133,"34":0.0669,"35":0.103,"36":0.0947,"37":0.0841,"38":0.0726,"39":0.106,"40":0.119,"41":0.481,"42":0.147,"43":0.0963,"44":0.123,"45":0.386,"46":0.102,"47":0.113,"48":0.123,"49":0.136,"50":0.242,"51":0.175,"52":0.375,"53":0.257,"54":0.0756,"55":0.0772,"56":0.172,"57":0.0954,"58":0.363,"59":0.171,"60":0.102,"61":0.0884,"62":0.167,"63":0.105,"64":0.147,"65":0.238,"66":0.239,"67":0.185,"68":0.0609,"69":0.109,"70":0.148,"71":0.147,"72":0.0577,"73":0.113,"74":0.19,"75":0.11,"76":0.0507,"77":0.167,"78":0.325,"79":0.364,"80":0.0212,"81":0.0918,"82":0.124,"83":0.352,"84":0.352,"85":0.314,"86":0.0618,"87":0.0692,"88":0.373,"89":0.0814,"90":0.165,"91":0.0663,"92":0.253,"93":0.217,"94":0.0825,"95":0.188,"96":0.11,"97":0.0603,"98":0.133,"99":0.412},"valence":{"0":0.556,"1":0.878,"2":0.527,"3":0.434,"4":0.695,"5":0.745,"6":0.745,"7":0.475,"8":0.57,"9":0.51,"10":0.298,"11":0.211,"12":0.637,"13":0.225,"14":0.333,"15":0.461,"16":0.345,"17":0.485,"18":0.464,"19":0.512,"20":0.954,"21":0.419,"22":0.591,"23":0.428,"24":0.901,"25":0.192,"26":0.776,"27":0.599,"28":0.358,"29":0.799,"30":0.723,"31":0.635,"32":0.788,"33":0.37,"34":0.342,"35":0.136,"36":0.427,"37":0.372,"38":0.213,"39":0.51,"40":0.395,"41":0.755,"42":0.4,"43":0.355,"44":0.581,"45":0.7,"46":0.788,"47":0.734,"48":0.339,"49":0.881,"50":0.631,"51":0.417,"52":0.252,"53":0.249,"54":0.647,"55":0.653,"56":0.523,"57":0.631,"58":0.711,"59":0.301,"60":0.334,"61":0.75,"62":0.696,"63":0.18,"64":0.766,"65":0.638,"66":0.418,"67":0.927,"68":0.293,"69":0.0492,"70":0.494,"71":0.513,"72":0.614,"73":0.79,"74":0.221,"75":0.139,"76":0.968,"77":0.128,"78":0.421,"79":0.634,"80":0.771,"81":0.646,"82":0.661,"83":0.674,"84":0.667,"85":0.485,"86":0.591,"87":0.415,"88":0.965,"89":0.553,"90":0.262,"91":0.196,"92":0.517,"93":0.59,"94":0.839,"95":0.678,"96":0.577,"97":0.693,"98":0.503,"99":0.723},"tempo":{"0":74.946,"1":103.193,"2":173.977,"3":100.08,"4":109.973,"5":110.006,"6":110.006,"7":89.885,"8":160.031,"9":143.964,"10":145.992,"11":144.959,"12":106.04,"13":120.002,"14":100.007,"15":172.164,"16":144.974,"17":106.029,"18":171.986,"19":145.925,"20":170.389,"21":120.972,"22":100.057,"23":104.952,"24":141.982,"25":93.019,"26":141.906,"27":140.975,"28":78.648,"29":172.05,"30":160.041,"31":97.942,"32":137.015,"33":132.968,"34":146.066,"35":135.036,"36":159.034,"37":97.04,"38":130.074,"39":93.957,"40":114.982,"41":182.393,"42":96.5,"43":159.949,"44":76.033,"45":150.99,"46":111.012,"47":117.562,"48":110.002,"49":199.669,"50":199.943,"51":106.992,"52":148.054,"53":98.451,"54":88.541,"55":88.543,"56":82.006,"57":99.98,"58":73.033,"59":92.012,"60":107.953,"61":153.255,"62":166.048,"63":154.985,"64":172.136,"65":109.004,"66":136.033,"67":104.023,"68":164.954,"69":105.036,"70":177.111,"71":96.987,"72":168.797,"73":143.184,"74":81.311,"75":119.105,"76":135.869,"77":139.997,"78":77.063,"79":97.012,"80":95.996,"81":159.926,"82":82.443,"83":99.983,"84":100.031,"85":174.027,"86":95.948,"87":101.982,"88":74.996,"89":120.063,"90":144.013,"91":101.948,"92":90.943,"93":100.271,"94":161.721,"95":78.715,"96":107.889,"97":163.945,"98":86.131,"99":104.958},"duration_ms":{"0":185610,"1":115238,"2":212586,"3":188400,"4":222958,"5":190840,"6":190853,"7":251107,"8":179347,"9":201832,"10":215307,"11":211893,"12":182737,"13":204773,"14":172800,"15":190605,"16":224545,"17":177140,"18":245320,"19":198775,"20":155867,"21":214185,"22":156000,"23":212541,"24":215120,"25":208154,"26":181933,"27":198440,"28":154440,"29":193573,"30":188280,"31":217959,"32":168425,"33":173793,"34":121704,"35":240661,"36":160481,"37":278893,"38":252923,"39":185281,"40":270118,"41":146120,"42":209703,"43":230953,"44":183160,"45":183160,"46":180302,"47":152160,"48":269293,"49":185200,"50":182667,"51":178333,"52":145588,"53":318093,"54":187813,"55":187813,"56":193929,"57":184640,"58":206573,"59":139773,"60":209264,"61":160107,"62":191827,"63":198078,"64":290120,"65":203267,"66":212745,"67":263387,"68":276867,"69":265825,"70":177955,"71":335267,"72":222562,"73":271053,"74":155827,"75":129045,"76":133160,"77":254875,"78":345987,"79":212280,"80":227693,"81":211427,"82":150867,"83":174255,"84":174255,"85":165517,"86":212500,"87":160058,"88":176648,"89":202920,"90":224960,"91":240000,"92":154227,"93":135333,"94":190203,"95":153867,"96":189444,"97":201951,"98":195987,"99":153143},"time_signature":{"0":4,"1":4,"2":3,"3":4,"4":4,"5":4,"6":4,"7":4,"8":4,"9":4,"10":4,"11":4,"12":4,"13":4,"14":4,"15":4,"16":4,"17":4,"18":4,"19":4,"20":4,"21":4,"22":4,"23":4,"24":4,"25":4,"26":4,"27":4,"28":4,"29":4,"30":4,"31":4,"32":4,"33":4,"34":4,"35":4,"36":4,"37":4,"38":4,"39":4,"40":4,"41":4,"42":4,"43":4,"44":4,"45":4,"46":4,"47":4,"48":4,"49":4,"50":4,"51":4,"52":4,"53":4,"54":4,"55":4,"56":4,"57":4,"58":4,"59":4,"60":4,"61":4,"62":4,"63":4,"64":4,"65":4,"66":4,"67":4,"68":4,"69":4,"70":3,"71":4,"72":4,"73":4,"74":1,"75":4,"76":4,"77":3,"78":4,"79":4,"80":4,"81":4,"82":4,"83":4,"84":4,"85":4,"86":4,"87":4,"88":4,"89":4,"90":4,"91":4,"92":3,"93":3,"94":4,"95":4,"96":4,"97":4,"98":4,"99":4},"num_bars":{"0":56,"1":47,"2":200,"3":78,"4":102,"5":86,"6":86,"7":91,"8":116,"9":119,"10":129,"11":126,"12":78,"13":100,"14":70,"15":135,"16":136,"17":77,"18":172,"19":119,"20":110,"21":106,"22":62,"23":92,"24":123,"25":79,"26":103,"27":116,"28":56,"29":137,"30":120,"31":86,"32":95,"33":95,"34":72,"35":131,"36":105,"37":111,"38":132,"39":70,"40":128,"41":110,"42":82,"43":151,"44":56,"45":113,"46":82,"47":73,"48":121,"49":152,"50":147,"51":79,"52":89,"53":129,"54":68,"55":67,"56":64,"57":73,"58":60,"59":52,"60":91,"61":100,"62":131,"63":127,"64":208,"65":91,"66":115,"67":113,"68":188,"69":116,"70":156,"71":132,"72":154,"73":161,"74":55,"75":61,"76":74,"77":177,"78":111,"79":82,"80":89,"81":139,"82":49,"83":67,"84":68,"85":119,"86":83,"87":65,"88":54,"89":99,"90":134,"91":100,"92":74,"93":74,"94":124,"95":48,"96":84,"97":135,"98":68,"99":64},"num_sections":{"0":8,"1":5,"2":7,"3":8,"4":9,"5":8,"6":8,"7":8,"8":7,"9":9,"10":12,"11":10,"12":10,"13":11,"14":14,"15":7,"16":11,"17":9,"18":13,"19":10,"20":10,"21":10,"22":9,"23":7,"24":6,"25":11,"26":7,"27":12,"28":7,"29":6,"30":9,"31":6,"32":10,"33":8,"34":6,"35":9,"36":4,"37":12,"38":6,"39":7,"40":9,"41":10,"42":10,"43":12,"44":7,"45":8,"46":10,"47":5,"48":11,"49":10,"50":6,"51":9,"52":5,"53":15,"54":8,"55":9,"56":8,"57":10,"58":8,"59":5,"60":11,"61":8,"62":8,"63":8,"64":15,"65":9,"66":8,"67":9,"68":14,"69":10,"70":10,"71":9,"72":10,"73":13,"74":6,"75":9,"76":8,"77":9,"78":12,"79":11,"80":11,"81":7,"82":8,"83":6,"84":7,"85":11,"86":14,"87":7,"88":6,"89":9,"90":10,"91":13,"92":9,"93":6,"94":14,"95":7,"96":8,"97":14,"98":8,"99":5},"num_segments":{"0":785,"1":391,"2":745,"3":955,"4":1140,"5":680,"6":680,"7":781,"8":656,"9":677,"10":854,"11":882,"12":868,"13":672,"14":735,"15":836,"16":926,"17":693,"18":1010,"19":644,"20":653,"21":890,"22":682,"23":925,"24":741,"25":836,"26":622,"27":678,"28":451,"29":686,"30":677,"31":974,"32":698,"33":710,"34":510,"35":818,"36":748,"37":1091,"38":724,"39":617,"40":701,"41":448,"42":742,"43":1001,"44":561,"45":554,"46":638,"47":476,"48":850,"49":699,"50":705,"51":613,"52":451,"53":1293,"54":727,"55":723,"56":614,"57":630,"58":676,"59":358,"60":745,"61":634,"62":693,"63":892,"64":1284,"65":873,"66":649,"67":923,"68":887,"69":996,"70":532,"71":1193,"72":962,"73":1223,"74":499,"75":617,"76":496,"77":741,"78":1537,"79":639,"80":929,"81":750,"82":488,"83":600,"84":601,"85":717,"86":1092,"87":617,"88":728,"89":635,"90":707,"91":985,"92":525,"93":351,"94":932,"95":522,"96":842,"97":913,"98":612,"99":682},"class":{"0":0,"1":0,"2":0,"3":0,"4":0,"5":0,"6":0,"7":0,"8":0,"9":0,"10":0,"11":0,"12":0,"13":0,"14":0,"15":0,"16":0,"17":0,"18":0,"19":0,"20":0,"21":0,"22":0,"23":0,"24":0,"25":0,"26":0,"27":0,"28":0,"29":0,"30":0,"31":0,"32":0,"33":0,"34":0,"35":0,"36":0,"37":0,"38":0,"39":0,"40":0,"41":0,"42":0,"43":0,"44":0,"45":0,"46":0,"47":0,"48":0,"49":0,"50":0,"51":0,"52":0,"53":0,"54":0,"55":0,"56":0,"57":0,"58":0,"59":0,"60":0,"61":0,"62":0,"63":0,"64":0,"65":0,"66":0,"67":0,"68":0,"69":0,"70":0,"71":0,"72":0,"73":0,"74":0,"75":0,"76":0,"77":0,"78":0,"79":0,"80":0,"81":0,"82":0,"83":0,"84":0,"85":0,"86":0,"87":0,"88":0,"89":0,"90":0,"91":0,"92":0,"93":0,"94":0,"95":0,"96":0,"97":0,"98":0,"99":0}}