{"id":{"0":"3SESmwaRfVQddNhwCSKQur","1":"3sznlAy0sce8la6GVzhnKU","2":"4iTS1BGs3Fob1UyXgIWa0w","3":"6KykddnA5NxNkaip0LEpgG","4":"57QXXEBy5apjgxsyXSb8YE","5":"54s6sdPuMjVtdB5d5KFzTC","6":"27zrFrtUtWl2urlvjOn5xc","7":"1OIb1AalkGikhzCRbWgchd","8":"64i1dyG9Td5z5Q0TCG17Pb","9":"3AyLh4R4D3fQfyqCsTdFf3","10":"4c2TiYoJHIjEPZ5syRZhsY","11":"0valHD9ANlCJbe5ffku6s4","12":"0O45fw2L5vsWpdsOdXwNAR","13":"5s5t0OFg9lIlBFaCI14K1i","14":"7sapKrjDij2fpDVj0GxP66","15":"2CgOd0Lj5MuvOqzqdaAXtS","16":"7nkp1uuSbKkoxMvEs8cSw0","17":"7odsUFDiJVv0HUQuSYsRbT","18":"1qz2bFE5ZtwZSd6DNed2RJ","19":"2xLMifQCjDGFmkHkpNLD9h","20":"5ip3FCi89E2eDtId6kcJmo","21":"5TuhMyeZ7bBd3A0PzKNW4D","22":"4BdGO1CaObRD4La9l5Zanz","23":"0FDzzruyVECATHXKHFs9eJ","24":"3kdMzXOcrDIdSWLdONHNK5","25":"0ibbNNN9vV9w4KTDhcnr8k","26":"0dizD5AU7xMTttvrK9QWnD","27":"5ghIJDpPoe3CfHMGu71E6T","28":"5JuVNeCjIl3DJbnVf1oeGo","29":"4SRqDmPxYX0pUb5B5ut2Ri","30":"2AWswjSOFmDddA2u9Cc93D","31":"6LlA0DFNRn8HHaRwF7dXOn","32":"4Y6Voc2xpc4lPD5iKpN4o2","33":"3rLIv187BhjyweFe89SgLn","34":"6oDX7N6VnXSyLdyGsDP5jV","35":"3OYuHSIBy3KrBDXG9Au5r8","36":"3t3oNm7M0HXf7ILqA7vCTP","37":"62xQco2cuJXsqeercpl6jx","38":"7z0Kgr01Tu9T7T0bby1cfC","39":"1MYs17XWcNUhztqcJWLyhc","40":"49WJohjrXVYbCZ11h0mJad","41":"1dFkD1JfRMzwO6hwUsE8aS","42":"6XtSFFAy65MocQiaHMj2bp","43":"1j9ScYOy7VZPwyKroSKgeE","44":"02q0ZnV2L4XByzEvWZJqBC","45":"4d8oZY3omAbj6GzhF5U6km","46":"7MXVkk9YMctZqd1Srtv4MB","47":"7wBJfHzpfI3032CSD7CE2m","48":"4kcX1pwQBQFpXhDc64MTPq","49":"41Umx93nsocrD8ckKBSuno","50":"5LBxMvApPk3HdsQdi6DT9L","51":"1fvLCkVS7xfD5kvUzzacoS","52":"6riXpGeW7at75Tltvb2x8L","53":"1HYzRuWjmS9LXCkdVHi25K","54":"5rGBIklVn5ngOm4MCqfPaj","55":"0QxU8taHFGIIzivxOSWWQA","56":"2mrZYZGmPFV3QOyYPZ1zsn","57":"6C7RJEIUDqKkJRZVWdkfkH","58":"6OnKEdFzwJhLXGP3z3IiRs","59":"0JssjDh3UWEgjUslVZgHJG","60":"6dEnpbXyamib2EJnRhTt0G","61":"6YUTL4dYpB9xZO5qExPf05","62":"0JJeoiCAa1hwcBsPxBN2w4","63":"1YI0uK36eupTmw9F8kHysr","64":"7u3ksP3uTLvjmrHHeHE8Ix","65":"1A6OTy97kk0mMdm78rHsm8","66":"5p7t0AlOCYIjSe63jjudnI","67":"3OIzR9emRQyZntD8QpGAe6","68":"6ioaDimY5lmeAl5gBh0imb","69":"37sINbJZcFdHFAsVNsPq1i","70":"1DxEbPu9z1SVGh7dXMuzS9","71":"0XbKGn5HyewE94iODzPmLW","72":"24LS4lQShWyixJ0ZrJXfJ5","73":"6vBrhw2cblCy5fa1sEnGly","74":"0aOluBqXYd0rFSCsgDyAWX","75":"2dYgq9aSeTlMnonee6SxEP","76":"3G6hD9B2ZHOsgf4WfNu7X1","77":"5jzKL4BDMClWqRguW5qZvh","78":"0tkBOcK7oRVXQJY97zzSvr","79":"0rKD8fJVIVT5IIMmDXXdbf","80":"4EjUFjzi4ErWjklOA3Aslu","81":"0KKkJNfGyhkQ5aFogxQAPU","82":"2pZi2b9U8r20AF0Cf3hi2D","83":"6YgV0EF8xJMZz0Zm6BTaT4","84":"6t6rudGjkLftasgUiSGcPN","85":"3rclsytutZxiC3moc3QIPZ","86":"0oP9pK1D1lNF3Lb7jkl6Xx","87":"2L4hM22j0dG32WEny16taU","88":"5PCdkbHYacEdWbZRRPopmM","89":"1iFiByfONHVI62dxIaFZjv","90":"5LHf6WbICmDzb0tvhcD4CK","91":"5iJfzXKvQXlYOBtEQhEmpA","92":"0B0tYbVp7pDQAqKDhgMeaL","93":"34H7uClADHuEd3FSCa4uWj","94":"55h7vJchibLdUkxdlX3fK7","95":"7vs4gQZ1EFQkfsMQNWiyT9","96":"1U3nc3GtOayqmzQFJ9fnsu","97":"36Yw1hE6Ktp1SrrclWWsjZ","98":"4uemx6gIxJkNWi0PYuLbmH","99":"2ie9YSQn5c8soyOUlZOIUn"},"title":{"0":"Run","1":"RUN IT (feat. Woo Won Jae & Jessi) [Prod. by GRAY]","2":"Sailing (0805)","3":"Sandalwood","4":"Satisfied (feat. MAX)","5":"Save Me","6":"Say Yes","7":"Secret","8":"Secret","9":"See U Later","10":"sekao","11":"Separation (feat. N.Hood, halla)","12":"SexyBack","13":"She Will Be Loved","14":"She Will Be Loved","15":"Shelter","16":"Shine","17":"Shots","18":"Shut Up & Groove (feat. DEAN) [From And July]","19":"SICKO MODE","20":"Silence - Illenium Remix","21":"Silience","22":"Sit Next to Me","23":"A Sky Full of Stars","24":"The Sky Is A Neighborhood","25":"Sleeping in the Car","26":"Slopes","27":"Smells Like Teen Spirit","28":"Sneakers","29":"So Sick","30":"So To Say (feat. Crush, Hoody)","31":"Softly, Pt. 2","32":"Solo (feat. Hoody)","33":"Somebody To Love","34":"Something New","35":"Sorry","36":"Sound of Walking Away","37":"soupeddd!","38":"Space Drift","39":"Space Invasionxfam","40":"speaking with trees","41":"Spectrum","42":"Spirals (feat. King Deco)","43":"spring bit","44":"Spring Day","45":"Star (rain ver.)","46":"Starboy","47":"STARGAZING","48":"Starlight","49":"Start Again","50":"STAY","51":"Stay","52":"Stay Puff","53":"Stay With Me","54":"Sticky","55":"Stolen Paintings","56":"Straight Up & Down","57":"Stronger","58":"Stupid Cupid","59":"Sugar","60":"Suit & Tie","61":"Summer","62":"Sunday (feat. HEIZE, Jay Park)","63":"Sunday Morning","64":"sunday morning bacon","65":"Sunflower - Spider-Man: Into the Spider-Verse","66":"Suns Out","67":"Sunset Glow","68":"Sunshine","69":"Superheroes","70":"Superstar","71":"Sway","72":"Sweet Nothing (feat. Florence Welch)","73":"Swoomyo","74":"Take Me to Church","75":"takoyaki promenade","76":"Team","77":"Teenage Dream","78":"Telescope","79":"Tell Me","80":"Tempo","81":"That's What I Like","82":"thinking of you","83":"This Love","84":"A Thousand Miles - Single Version","85":"throwback port","86":"Thunder","87":"Tiger","88":"Tiptoe","89":"TKO","90":"To Breathe","91":"Tokyo Drift (Fast & Furious) - From \"The Fast And The Furious: Tokyo Drift\" Soundtrack","92":"Too Good To Say Goodbye","93":"tranquil wave","94":"Treasure","95":"treehouse","96":"Trippin","97":"The Troubles","98":"Trust Me (BM&Somin ver.)","99":"Trust Me (J.seph&Jiwoo ver.)"},"danceability":{"0":0.577,"1":0.466,"2":0.588,"3":0.62,"4":0.75,"5":0.614,"6":0.685,"7":0.692,"8":0.42,"9":0.741,"10":0.616,"11":0.712,"12":0.967,"13":0.524,"14":0.706,"15":0.276,"16":0.74,"17":0.552,"18":0.655,"19":0.834,"20":0.475,"21":0.635,"22":0.638,"23":0.551,"24":0.358,"25":0.631,"26":0.784,"27":0.516,"28":0.855,"29":0.452,"30":0.477,"31":0.636,"32":0.662,"33":0.714,"34":0.679,"35":0.708,"36":0.345,"37":0.54,"38":0.594,"39":0.691,"40":0.857,"41":0.609,"42":0.229,"43":0.651,"44":0.539,"45":0.496,"46":0.678,"47":0.487,"48":0.628,"49":0.379,"50":0.628,"51":0.631,"52":0.663,"53":0.314,"54":0.732,"55":0.703,"56":0.552,"57":0.625,"58":0.699,"59":0.748,"60":0.795,"61":0.596,"62":0.693,"63":0.607,"64":0.731,"65":0.753,"66":0.738,"67":0.756,"68":0.684,"69":0.491,"70":0.617,"71":0.755,"72":0.573,"73":0.643,"74":0.566,"75":0.747,"76":0.696,"77":0.719,"78":0.588,"79":0.354,"80":0.686,"81":0.853,"82":0.797,"83":0.712,"84":0.566,"85":0.794,"86":0.608,"87":0.543,"88":0.527,"89":0.611,"90":0.625,"91":0.761,"92":0.587,"93":0.531,"94":0.874,"95":0.742,"96":0.775,"97":0.397,"98":0.531,"99":0.786},"energy":{"0":0.875,"1":0.952,"2":0.586,"3":0.349,"4":0.651,"5":0.823,"6":0.777,"7":0.969,"8":0.438,"9":0.926,"10":0.375,"11":0.742,"12":0.583,"13":0.711,"14":0.713,"15":0.796,"16":0.804,"17":0.76,"18":0.665,"19":0.73,"20":0.801,"21":0.252,"22":0.738,"23":0.636,"24":0.549,"25":0.164,"26":0.0908,"27":0.906,"28":0.307,"29":0.574,"30":0.583,"31":0.471,"32":0.716,"33":0.809,"34":0.88,"35":0.676,"36":0.79,"37":0.268,"38":0.32,"39":0.377,"40":0.318,"41":0.801,"42":0.557,"43":0.481,"44":0.846,"45":0.445,"46":0.588,"47":0.789,"48":0.723,"49":0.754,"50":0.433,"51":0.725,"52":0.369,"53":0.526,"54":0.127,"55":0.222,"56":0.733,"57":0.726,"58":0.78,"59":0.788,"60":0.596,"61":0.856,"62":0.797,"63":0.76,"64":0.217,"65":0.498,"66":0.117,"67":0.87,"68":0.742,"69":0.885,"70":0.721,"71":0.694,"72":0.929,"73":0.414,"74":0.664,"75":0.203,"76":0.59,"77":0.798,"78":0.481,"79":0.634,"80":0.842,"81":0.56,"82":0.0832,"83":0.862,"84":0.825,"85":0.129,"86":0.841,"87":0.416,"88":0.82,"89":0.678,"90":0.388,"91":0.892,"92":0.63,"93":0.104,"94":0.692,"95":0.199,"96":0.348,"97":0.542,"98":0.664,"99":0.74},"key":{"0":6,"1":0,"2":11,"3":10,"4":1,"5":1,"6":1,"7":7,"8":5,"9":9,"10":5,"11":3,"12":7,"13":0,"14":0,"15":0,"16":3,"17":11,"18":7,"19":8,"20":4,"21":6,"22":6,"23":6,"24":11,"25":6,"26":11,"27":1,"28":1,"29":6,"30":2,"31":10,"32":4,"33":5,"34":6,"35":6,"36":2,"37":5,"38":1,"39":2,"40":2,"41":0,"42":1,"43":10,"44":8,"45":11,"46":7,"47":8,"48":1,"49":5,"50":1,"51":2,"52":5,"53":0,"54":1,"55":4,"56":3,"57":10,"58":11,"59":1,"60":11,"61":4,"62":7,"63":0,"64":10,"65":2,"66":10,"67":8,"68":11,"69":3,"70":5,"71":8,"72":8,"73":1,"74":4,"75":0,"76":6,"77":10,"78":0,"79":3,"80":0,"81":1,"82":11,"83":5,"84":11,"85":8,"86":0,"87":10,"88":6,"89":3,"90":8,"91":6,"92":2,"93":8,"94":5,"95":11,"96":6,"97":5,"98":10,"99":7},"loudness":{"0":-2.944,"1":-1.925,"2":-4.857,"3":-11.26,"4":-4.655,"5":-3.48,"6":-4.654,"7":-3.213,"8":-8.402,"9":-3.968,"10":-16.921,"11":-6.086,"12":-5.562,"13":-5.494,"14":-5.512,"15":-4.499,"16":-2.187,"17":-6.861,"18":-4.785,"19":-3.714,"20":-3.071,"21":-10.455,"22":-4.976,"23":-7.125,"24":-7.843,"25":-15.949,"26":-15.483,"27":-4.525,"28":-10.599,"29":-8.336,"30":-7.586,"31":-9.147,"32":-4.942,"33":-5.138,"34":-2.344,"35":-5.856,"36":-2.761,"37":-13.594,"38":-10.344,"39":-9.595,"40":-19.504,"41":-4.417,"42":-5.507,"43":-6.709,"44":-3.192,"45":-7.815,"46":-7.015,"47":-3.69,"48":-4.962,"49":-5.433,"50":-6.808,"51":-2.449,"52":-12.718,"53":-4.686,"54":-8.848,"55":-14.446,"56":-6.898,"57":-7.731,"58":-3.694,"59":-7.055,"60":-3.799,"61":-3.556,"62":-5.694,"63":-5.229,"64":-15.01,"65":-5.61,"66":-19.392,"67":-2.27,"68":-4.598,"69":-4.121,"70":-5.568,"71":-5.361,"72":-3.942,"73":-10.145,"74":-5.303,"75":-15.52,"76":-7.428,"77":-4.582,"78":-4.801,"79":-7.255,"80":-4.423,"81":-4.961,"82":-12.673,"83":-4.612,"84":-4.504,"85":-15.354,"86":-3.798,"87":-10.723,"88":-5.855,"89":-6.723,"90":-11.316,"91":-5.354,"92":-6.054,"93":-22.271,"94":-5.28,"95":-9.561,"96":-14.201,"97":-9.699,"98":-6.976,"99":-4.786},"mode":{"0":0,"1":0,"2":1,"3":0,"4":1,"5":1,"6":0,"7":0,"8":1,"9":0,"10":1,"11":1,"12":0,"13":0,"14":0,"15":1,"16":1,"17":0,"18":1,"19":1,"20":1,"21":1,"22":0,"23":1,"24":0,"25":1,"26":0,"27":1,"28":0,"29":1,"30":1,"31":1,"32":1,"33":1,"34":0,"35":0,"36":1,"37":1,"38":0,"39":1,"40":1,"41":0,"42":1,"43":0,"44":1,"45":0,"46":1,"47":1,"48":0,"49":1,"50":1,"51":1,"52":1,"53":0,"54":1,"55":1,"56":0,"57":0,"58":0,"59":1,"60":0,"61":0,"62":0,"63":1,"64":1,"65":1,"66":1,"67":1,"68":0,"69":1,"70":1,"71":1,"72":0,"73":1,"74":0,"75":1,"76":1,"77":1,"78":1,"79":1,"80":1,"81":1,"82":1,"83":0,"84":1,"85":1,"86":1,"87":1,"88":1,"89":0,"90":1,"91":1,"92":1,"93":1,"94":0,"95":0,"96":0,"97":1,"98":1,"99":0},"acousticness":{"0":0.00165,"1":0.237,"2":0.71,"3":0.761,"4":0.00759,"5":0.0269,"6":0.353,"7":0.167,"8":0.256,"9":0.0376,"10":0.905,"11":0.441,"12":0.0584,"13":0.0567,"14":0.0596,"15":0.00293,"16":0.411,"17":0.00713,"18":0.0873,"19":0.00513,"20":0.0483,"21":0.0295,"22":0.117,"23":0.00713,"24":0.000799,"25":0.589,"26":0.878,"27":0.0000286,"28":0.365,"29":0.246,"30":0.487,"31":0.865,"32":0.12,"33":0.00346,"34":0.15,"35":0.458,"36":0.075,"37":0.707,"38":0.452,"39":0.271,"40":0.355,"41":0.0137,"42":0.0194,"43":0.612,"44":0.0063,"45":0.589,"46":0.141,"47":0.00947,"48":0.0329,"49":0.119,"50":0.569,"51":0.127,"52":0.762,"53":0.428,"54":0.749,"55":0.106,"56":0.0209,"57":0.00728,"58":0.0197,"59":0.0591,"60":0.103,"61":0.0211,"62":0.0824,"63":0.0745,"64":0.857,"65":0.551,"66":0.891,"67":0.0897,"68":0.581,"69":0.00219,"70":0.0712,"71":0.205,"72":0.197,"73":0.0913,"74":0.634,"75":0.496,"76":0.151,"77":0.0162,"78":0.273,"79":0.293,"80":0.237,"81":0.013,"82":0.484,"83":0.0525,"84":0.264,"85":0.467,"86":0.00593,"87":0.69,"88":0.00157,"89":0.00701,"90":0.341,"91":0.178,"92":0.0389,"93":0.918,"94":0.0412,"95":0.8,"96":0.377,"97":0.0427,"98":0.46,"99":0.0015},"instrumentalness":{"0":0.0,"1":0.0,"2":0.0,"3":0.92,"4":0.0,"5":0.0,"6":0.0,"7":0.0,"8":0.000117,"9":0.0,"10":0.896,"11":0.0,"12":0.0,"13":0.0,"14":0.0,"15":0.0,"16":0.0,"17":0.0113,"18":0.0,"19":0.0,"20":0.00178,"21":0.779,"22":0.000384,"23":0.00203,"24":0.00503,"25":0.4,"26":0.902,"27":0.000101,"28":0.854,"29":0.0,"30":0.0,"31":0.614,"32":0.0,"33":0.0,"34":0.0000387,"35":0.0000966,"36":0.000165,"37":0.856,"38":0.934,"39":0.962,"40":0.78,"41":0.00349,"42":0.0000017,"43":0.926,"44":0.00000168,"45":0.0,"46":0.00000635,"47":0.00000405,"48":0.0,"49":0.0000183,"50":0.00000771,"51":0.0,"52":0.572,"53":0.0,"54":0.918,"55":0.88,"56":0.0,"57":0.0,"58":0.000119,"59":0.0,"60":0.0,"61":0.0178,"62":0.0,"63":0.0,"64":0.901,"65":0.0,"66":0.889,"67":0.0,"68":0.0000106,"69":0.0,"70":0.0000661,"71":0.000823,"72":0.000112,"73":0.854,"74":0.0,"75":0.91,"76":0.0,"77":0.00000234,"78":0.0000133,"79":0.0,"80":0.0,"81":0.0,"82":0.81,"83":0.0,"84":0.0,"85":0.169,"86":0.0573,"87":0.241,"88":0.0000188,"89":0.00000843,"90":0.88,"91":0.0000419,"92":0.0,"93":0.931,"94":0.0000724,"95":0.882,"96":0.738,"97":0.00575,"98":0.0,"99":0.377},"liveness":{"0":0.0892,"1":0.242,"2":0.102,"3":0.127,"4":0.521,"5":0.0783,"6":0.329,"7":0.301,"8":0.0963,"9":0.582,"10":0.332,"11":0.233,"12":0.0519,"13":0.134,"14":0.132,"15":0.184,"16":0.0578,"17":0.313,"18":0.122,"19":0.124,"20":0.239,"21":0.119,"22":0.689,"23":0.217,"24":0.22,"25":0.0808,"26":0.093,"27":0.105,"28":0.105,"29":0.189,"30":0.117,"31":0.33,"32":0.396,"33":0.227,"34":0.575,"35":0.186,"36":0.101,"37":0.1,"38":0.123,"39":0.0896,"40":0.0746,"41":0.127,"42":0.185,"43":0.122,"44":0.13,"45":0.354,"46":0.137,"47":0.189,"48":0.292,"49":0.222,"50":0.104,"51":0.118,"52":0.105,"53":0.126,"54":0.116,"55":0.104,"56":0.0858,"57":0.318,"58":0.629,"59":0.0863,"60":0.164,"61":0.141,"62":0.108,"63":0.0595,"64":0.106,"65":0.0706,"66":0.0844,"67":0.14,"68":0.184,"69":0.0741,"70":0.0867,"71":0.274,"72":0.0567,"73":0.236,"74":0.116,"75":0.116,"76":0.247,"77":0.134,"78":0.0986,"79":0.115,"80":0.0683,"81":0.0944,"82":0.239,"83":0.093,"84":0.218,"85":0.0726,"86":0.121,"87":0.109,"88":0.0882,"89":0.431,"90":0.153,"91":0.0712,"92":0.35,"93":0.109,"94":0.324,"95":0.0985,"96":0.137,"97":0.117,"98":0.0865,"99":0.277},"valence":{"0":0.522,"1":0.65,"2":0.395,"3":0.378,"4":0.928,"5":0.539,"6":0.417,"7":0.762,"8":0.149,"9":0.571,"10":0.333,"11":0.406,"12":0.964,"13":0.539,"14":0.544,"15":0.26,"16":0.791,"17":0.338,"18":0.535,"19":0.446,"20":0.296,"21":0.667,"22":0.657,"23":0.153,"24":0.533,"25":0.638,"26":0.0955,"27":0.728,"28":0.174,"29":0.58,"30":0.262,"31":0.565,"32":0.727,"33":0.588,"34":0.789,"35":0.491,"36":0.208,"37":0.538,"38":0.566,"39":0.251,"40":0.584,"41":0.407,"42":0.0564,"43":0.545,"44":0.46,"45":0.215,"46":0.486,"47":0.0564,"48":0.571,"49":0.0895,"50":0.343,"51":0.414,"52":0.233,"53":0.195,"54":0.496,"55":0.28,"56":0.643,"57":0.483,"58":0.834,"59":0.884,"60":0.357,"61":0.743,"62":0.661,"63":0.805,"64":0.219,"65":0.927,"66":0.403,"67":0.618,"68":0.861,"69":0.641,"70":0.422,"71":0.531,"72":0.582,"73":0.538,"74":0.437,"75":0.486,"76":0.462,"77":0.591,"78":0.176,"79":0.444,"80":0.519,"81":0.86,"82":0.51,"83":0.809,"84":0.278,"85":0.302,"86":0.274,"87":0.122,"88":0.25,"89":0.493,"90":0.0554,"91":0.935,"92":0.433,"93":0.192,"94":0.937,"95":0.272,"96":0.533,"97":0.509,"98":0.212,"99":0.475},"tempo":{"0":132.943,"1":139.972,"2":141.913,"3":78.904,"4":120.055,"5":139.949,"6":95.049,"7":111.495,"8":87.986,"9":106.99,"10":159.972,"11":89.95,"12":117.0,"13":203.867,"14":102.037,"15":199.526,"16":150.013,"17":104.957,"18":112.831,"19":155.008,"20":141.92,"21":77.952,"22":97.021,"23":124.996,"24":130.733,"25":78.011,"26":74.987,"27":116.775,"28":89.993,"29":92.791,"30":93.642,"31":81.009,"32":102.1,"33":129.966,"34":98.022,"35":118.984,"36":179.849,"37":74.959,"38":155.782,"39":185.947,"40":132.094,"41":129.99,"42":135.029,"43":77.943,"44":106.992,"45":107.889,"46":186.005,"47":150.007,"48":93.958,"49":149.882,"50":88.074,"51":104.953,"52":128.214,"53":78.643,"54":81.087,"55":68.965,"56":143.56,"57":103.98,"58":123.041,"59":120.076,"60":101.985,"61":127.949,"62":102.908,"63":88.059,"64":76.001,"65":89.95,"66":81.995,"67":124.992,"68":80.246,"69":166.992,"70":134.974,"71":120.058,"72":127.934,"73":83.999,"74":128.945,"75":77.37,"76":99.984,"77":120.011,"78":93.568,"79":128.054,"80":115.944,"81":134.066,"82":160.048,"83":95.051,"84":94.991,"85":120.058,"86":167.969,"87":112.896,"88":120.041,"89":137.864,"90":144.02,"91":127.04,"92":76.97,"93":77.989,"94":116.017,"95":81.036,"96":80.965,"97":150.189,"98":101.701,"99":105.031},"duration_ms":{"0":236334,"1":191188,"2":260835,"3":168608,"4":155939,"5":196506,"6":218897,"7":222582,"8":295000,"9":198867,"10":132000,"11":215342,"12":242733,"13":257133,"14":257133,"15":218965,"16":198796,"17":232333,"18":199281,"19":312820,"20":205120,"21":196923,"22":243147,"23":268467,"24":244573,"25":111154,"26":179201,"27":301920,"28":149333,"29":207187,"30":222800,"31":84444,"32":219488,"33":220920,"34":200440,"35":217596,"36":253333,"37":189000,"38":137927,"39":95014,"40":138182,"41":243413,"42":361500,"43":76346,"44":274097,"45":235487,"46":230453,"47":270715,"48":223607,"49":334707,"50":230400,"51":252977,"52":121875,"53":192441,"54":217319,"55":194875,"56":198187,"57":311867,"58":209013,"59":235493,"60":326280,"61":222533,"62":182301,"63":244867,"64":103421,"65":158053,"66":93659,"67":204920,"68":195944,"69":245467,"70":206222,"71":210773,"72":212560,"73":124333,"74":241693,"75":96000,"76":193059,"77":227741,"78":228293,"79":195000,"80":224483,"81":206693,"82":131000,"83":206200,"84":237920,"85":101333,"86":187761,"87":156324,"88":193000,"89":424147,"90":150938,"91":255173,"92":281827,"93":147692,"94":178560,"95":118519,"96":87750,"97":285843,"98":276196,"99":262835},"time_signature":{"0":4,"1":4,"2":4,"3":4,"4":4,"5":4,"6":4,"7":4,"8":4,"9":4,"10":4,"11":4,"12":4,"13":4,"14":4,"15":4,"16":4,"17":4,"18":4,"19":4,"20":4,"21":4,"22":4,"23":4,"24":4,"25":4,"26":3,"27":4,"28":4,"29":4,"30":4,"31":4,"32":4,"33":4,"34":4,"35":4,"36":4,"37":4,"38":4,"39":4,"40":4,"41":4,"42":4,"43":4,"44":4,"45":3,"46":4,"47":4,"48":4,"49":4,"50":4,"51":4,"52":4,"53":5,"54":4,"55":4,"56":4,"57":4,"58":4,"59":4,"60":4,"61":4,"62":4,"63":4,"64":4,"65":4,"66":4,"67":4,"68":4,"69":4,"70":4,"71":4,"72":4,"73":4,"74":4,"75":4,"76":4,"77":4,"78":4,"79":4,"80":4,"81":4,"82":4,"83":4,"84":4,"85":4,"86":4,"87":3,"88":4,"89":4,"90":4,"91":4,"92":4,"93":4,"94":4,"95":4,"96":4,"97":4,"98":4,"99":4},"num_bars":{"0":129,"1":110,"2":154,"3":54,"4":77,"5":114,"6":83,"7":103,"8":101,"9":87,"10":85,"11":79,"12":117,"13":216,"14":108,"15":180,"16":123,"17":100,"18":93,"19":202,"20":123,"21":64,"22":98,"23":138,"24":134,"25":36,"26":72,"27":145,"28":55,"29":79,"30":87,"31":28,"32":92,"33":120,"34":81,"35":106,"36":185,"37":55,"38":86,"39":71,"40":74,"41":130,"42":206,"43":23,"44":120,"45":143,"46":176,"47":175,"48":84,"49":210,"50":83,"51":108,"52":64,"53":81,"54":71,"55":54,"56":115,"57":134,"58":106,"59":114,"60":138,"61":116,"62":77,"63":88,"64":33,"65":58,"66":30,"67":106,"68":66,"69":165,"70":115,"71":103,"72":109,"73":42,"74":126,"75":30,"76":78,"77":112,"78":87,"79":90,"80":109,"81":114,"82":85,"83":80,"84":92,"85":48,"86":130,"87":96,"88":96,"89":243,"90":89,"91":135,"92":89,"93":46,"94":85,"95":39,"96":26,"97":176,"98":115,"99":114},"num_sections":{"0":11,"1":9,"2":14,"3":4,"4":7,"5":11,"6":7,"7":7,"8":8,"9":10,"10":6,"11":10,"12":13,"13":14,"14":11,"15":11,"16":8,"17":13,"18":10,"19":16,"20":8,"21":7,"22":7,"23":13,"24":8,"25":6,"26":8,"27":13,"28":6,"29":11,"30":10,"31":3,"32":11,"33":8,"34":9,"35":9,"36":14,"37":9,"38":4,"39":6,"40":6,"41":12,"42":17,"43":3,"44":10,"45":9,"46":10,"47":9,"48":12,"49":12,"50":12,"51":9,"52":5,"53":10,"54":8,"55":5,"56":8,"57":13,"58":9,"59":6,"60":12,"61":7,"62":10,"63":10,"64":5,"65":8,"66":6,"67":9,"68":9,"69":10,"70":10,"71":11,"72":8,"73":6,"74":10,"75":6,"76":8,"77":8,"78":8,"79":10,"80":10,"81":8,"82":3,"83":9,"84":12,"85":5,"86":10,"87":7,"88":10,"89":14,"90":8,"91":12,"92":10,"93":6,"94":7,"95":4,"96":5,"97":14,"98":12,"99":11},"num_segments":{"0":870,"1":816,"2":948,"3":630,"4":659,"5":824,"6":811,"7":930,"8":978,"9":803,"10":552,"11":865,"12":1017,"13":800,"14":799,"15":854,"16":730,"17":959,"18":726,"19":1234,"20":686,"21":749,"22":874,"23":889,"24":582,"25":513,"26":562,"27":1081,"28":527,"29":887,"30":741,"31":347,"32":965,"33":835,"34":773,"35":727,"36":848,"37":700,"38":569,"39":407,"40":645,"41":937,"42":1004,"43":259,"44":900,"45":799,"46":1097,"47":1100,"48":787,"49":1164,"50":849,"51":932,"52":499,"53":647,"54":906,"55":418,"56":786,"57":1314,"58":773,"59":852,"60":1365,"61":841,"62":751,"63":878,"64":372,"65":593,"66":373,"67":868,"68":865,"69":952,"70":737,"71":781,"72":880,"73":594,"74":725,"75":474,"76":661,"77":863,"78":800,"79":647,"80":922,"81":769,"82":437,"83":744,"84":807,"85":339,"86":617,"87":597,"88":717,"89":1741,"90":559,"91":1096,"92":910,"93":389,"94":691,"95":459,"96":336,"97":957,"98":1066,"99":1251},"class":{"0":1,"1":1,"2":1,"3":1,"4":1,"5":1,"6":1,"7":1,"8":1,"9":1,"10":1,"11":1,"12":1,"13":1,"14":1,"15":1,"16":1,"17":1,"18":1,"19":1,"20":1,"21":1,"22":1,"23":1,"24":1,"25":1,"26":1,"27":1,"28":1,"29":1,"30":1,"31":1,"32":1,"33":1,"34":1,"35":1,"36":1,"37":1,"38":1,"39":1,"40":1,"41":1,"42":1,"43":1,"44":1,"45":1,"46":1,"47":1,"48":1,"49":1,"50":1,"51":1,"52":1,"53":1,"54":1,"55":1,"56":1,"57":1,"58":1,"59":1,"60":1,"61":1,"62":1,"63":1,"64":1,"65":1,"66":1,"67":1,"68":1,"69":1,"70":1,"71":1,"72":1,"73":1,"74":1,"75":1,"76":1,"77":1,"78":1,"79":1,"80":1,"81":1,"82":1,"83":1,"84":1,"85":1,"86":1,"87":1,"88":1,"89":1,"90":1,"91":1,"92":1,"93":1,"94":1,"95":1,"96":1,"97":1,"98":1,"99":1}}