{"id":{"0":"7MXcmkmyxEYAJf04cbqKoI","1":"5S9dUEV7z99qlNGwqo4AJ3","2":"2XW4DbS6NddZxRPm5rMCeY","3":"3pgDkYNYH7hMCl5Njib24j","4":"5XJJdNPkwmbUwE79gv0NxK","5":"1oxOiOjsi7plNOZEhoPLPj","6":"2LZiSLXPReoKHccIPuRPOV","7":"0BVooWNvmyzEmX7g3KxeoN","8":"5D5ICoGh0nIfhX2qWinp6J","9":"3EDbHhdoZrMmCQI4UQ7BpC","10":"3O8wVPwskB1ZdoSRiwaAak","11":"4lLtanYk6tkMvooU0tWzG8","12":"2W6hRjgGeH3oAIf4Nq36ab","13":"1X1DWw2pcNZ8zSub3uhlNz","14":"4JehYebiI9JE8sR8MisGVb","15":"6nSHtgTH5a959xPucs6Ilb","16":"7gr57cYekMWriyJYbT7oZ4","17":"2dpaYNEQHiRxtZbfNsse99","18":"7zvVdnSO2TGav6xtZhYghr","19":"09fDGPowT5vvCjJKJHfG4I","20":"2RjpDxBii8EvC6p6wxwCSz","21":"0sYbRzhGQC0NRTVvwe8n3H","22":"6WJWTeZExNu0X42hiegRVs","23":"3wU5Gb1RjevcKBIsG8oz47","24":"6J5yWGrCApjTZmOydyx0QH","25":"4HN2lu14JqrBVT1OYinP8f","26":"3mB3p3Dh014P4fdxvEb07J","27":"5gA9Xn8oPts2aewPgxVkPD","28":"7JHiyIBneG5971rM9QFoOD","29":"2B2DoTt6xuP1NrR7pKZBR8","30":"4McqaQXrWK9aa20TCHdXJ9","31":"0G8CC8uwM7OKzST0fdImfQ","32":"6FdIEgj8ErhkOHbtB6aqFF","33":"3WTIL0lB77BsvnDiMfzHEt","34":"3ZFTkvIE7kyPt6Nu3PEa7V","35":"3VC1IEz9M1txlMSx3h3tPM","36":"18DPSOcuoHDmwcevMIw8SN","37":"14Rcq31SafFBHNEwXrtR2B","38":"1Bjy9ZtwMle3uhVgoBgiGN","39":"0HJRAM7Gt9jXskuXjZeFX3","40":"7cLuIwqe2PksB6Qdt5pEjd","41":"0s3FoP79832uxzMHgJFY5l","42":"5fVZC9GiM4e8vu99W0Xf6J","43":"5mhUPDWQH3s544WCsa0r9w","44":"4E6RYFuOAVX7bI7leduRWI","45":"1CQXNBt6zv15L8zDITcxRB","46":"6mXFjc0VbW0vs8UeEkT85r","47":"2y5aJvzXhHPA94U5GFAcXe","48":"6QOVWoZUD3IEszbfO46mYW","49":"6QHScqygQdCvGowZCeGsC0","50":"4vp2J1l5RD4gMZwGFLfRAu","51":"34NIgK6YRK8xVSZ4eNOEQf","52":"1wjzFQodRWrPcQ0AnYnvQ9","53":"7D49Iig0avHre9RFSUMkd2","54":"6CBA5xTE7Z4cyA9rzlhFdA","55":"7EnhGSOY5RbeIkFaoxiHZ2","56":"2MYfUH4Zo7gphaxmMVDrie","57":"05pKAafT85jeeNhZ6kq7HT","58":"1EzrEOXmMH3G43AXT1y7pA","59":"2oLLOxkJWJj9BbrsTc4Xql","60":"76cy1WJvNGJTj78UqeA5zr","61":"1hZk9dktp4yRFTm0TrycuH","62":"4xSjIgsYgd36OAK4QZ55Pr","63":"4VTL9bM6qaSTsYGVianqzr","64":"4q9JLlC3HIhN4CDC6KlpYK","65":"4TNiUCVUjU4EHcoOssMK6S","66":"3fsghmcEnT7K9f30ohHDRn","67":"2G7V7zsVDxg1yRsu7Ew9RJ","68":"7oMxMdfNv2tg3Mug3oxTTg","69":"54qDpdXU7o0xTqUyyJF8HS","70":"7sG2bWi2eDtvX9vX8yC1Gn","71":"6z1kLsntE7FuzKZHZWrXYN","72":"2cGxRwrMyEAp8dEbuZaVv6","73":"6ePyl2ns4b7MVYhjsj32ZK","74":"6Qyc6fS4DsZjB2mRW9DsQs","75":"3PeoYAwXJpJD8O4zOHFG3h","76":"1GZJu6ciZ55S8Kp1s8Z5ex","77":"2YqKlMOlKlKQbBtzIOv2U8","78":"2AW37v0bDyuOzGP3XnmFuA","79":"7pUYFGnZwLa7I3UmDypJGy","80":"64xB72ccz7Y4CPN3C7lNi4","81":"7uqRFlTZQ7vL1YKGSWmu7h","82":"1dA1tlzwcJ3YDYsSul1m06","83":"2PGtQpxxPvhzHLoaz83hLp","84":"6vs7hcMDl4l6BQKL9KE9pd","85":"4JAX1qhCBGkO1IM9woosbZ","86":"47Slg6LuqLaX0VodpSCvPt","87":"7jIujRjK5JKNrMCcAvYUTN","88":"754kgU5rWscRTfvlsuEwFp","89":"2q4rjDy9WhaN3o9MvDbO21","90":"5qtwzv99vOr5UTwnTixn7j","91":"5EzitieoPnjyKHAq0gfRMa","92":"6Ft1EN8s8xROpDkT8LXvTC","93":"455AfCsOhhLPRc68sE01D8","94":"2ezKXygNO30pXyDQXkm6oD","95":"1C8vJqfSxRgF2lAxnwJz9E","96":"72ukfQM43NpklDbmtYFUJU","97":"4eO45qgSrPSozyPfwdLXpT","98":"2bRXehD283NioREYxlohc4","99":"2wBknBbqH4rqfPy9uRNv2s"},"title":{"0":"Glow Like Dat","1":"Glowing","2":"God's Plan","3":"Gold","4":"Gold Digger","5":"Good Grief","6":"Good Intentions","7":"grandiose soul","8":"Grassroot Skies","9":"the great ocean road","10":"Green Tea","11":"Grenade","12":"Grizzly Peak","13":"Hall of Fame","14":"Halo","15":"HANGANG","16":"HANN (Alone)","17":"Happier","18":"Happy - Enyo & Mario Ayuda Radio Edit","19":"Hard to Love","20":"Harder To Breathe","21":"Hate","22":"Heart Shaker","23":"Heartbeat (Feat. Ferry Corsten, Kago Pengchi)","24":"Heartbreak Hotel","25":"HEAVEN","26":"Hello Friend","27":"Heroine","28":"Hey Mama!","29":"Hideout","30":"Hier encore","31":"[high]Ways","32":"HIGHLIGHT","33":"hills and horizons","34":"Hips Don't Lie","35":"Hola Hola","36":"HOLD MY HAND","37":"Hold On, We're Going Home","38":"Holiday","39":"Holiday\/Boulevard Of Broken Dreams","40":"Home","41":"Home","42":"How to Save a Life","43":"Human","44":"I (Feat. Verbal Jint)","45":"I Bet My Life","46":"I Don\u2019t Know Why","47":"I Don\u2019t Wanna Live Forever (Fifty Shades Darker)","48":"I Don't Love You Anymore","49":"I GOT A BOY","50":"I Gotta Feeling","51":"I Just Wanna Dance","52":"I Like Me Better","53":"I Lived","54":"I Love It","55":"I need to paint my walls","56":"I will show you","57":"I Won't Give Up","58":"I'm Yours","59":"Ice Cream Cake","60":"IDGAF","61":"If I Lose Myself - Alesso vs OneRepublic","62":"If I Never See Your Face Again","63":"If You Could See Me Now","64":"iffy (Prod. GroovyRoom)","65":"in a new space","66":"In Da Club","67":"In My Feelings","68":"In the Library","69":"In the Time Spent You","70":"Inside Out","71":"instagram","72":"Instant Crush","73":"Intro: Singularity","74":"Iris","75":"Iris (Hold Me Close)","76":"It Makes You Forget (Itgehane) - Edit","77":"It Was Always You","78":"It's Gonna Be Me","79":"It's Time","80":"Jay Dee 40 - Instrumental","81":"Je T'aime","82":"Jenga (feat. Gaeko)","83":"Jeux D'eau","84":"Just (From Young)","85":"Just For A Moment (feat. Iselin)","86":"Just The Way You Are","87":"Keep Their Heads Ringin'","88":"Kiss Me","89":"Kiss Me Thru The Phone","90":"Know Your Enemy","91":"Ko Ko Bop","92":"larkspur","93":"Last Friday Night (T.G.I.F.)","94":"LATATA","95":"lie","96":"Life","97":"light strands","98":"Lights - Single Version","99":"LIGHTSABER"},"danceability":{"0":0.787,"1":0.447,"2":0.758,"3":0.416,"4":0.646,"5":0.73,"6":0.569,"7":0.689,"8":0.58,"9":0.715,"10":0.582,"11":0.706,"12":0.654,"13":0.421,"14":0.508,"15":0.663,"16":0.709,"17":0.687,"18":0.479,"19":0.534,"20":0.662,"21":0.68,"22":0.561,"23":0.518,"24":0.569,"25":0.284,"26":0.691,"27":0.671,"28":0.532,"29":0.595,"30":0.768,"31":0.824,"32":0.579,"33":0.927,"34":0.778,"35":0.843,"36":0.749,"37":0.776,"38":0.709,"39":0.29,"40":0.411,"41":0.55,"42":0.64,"43":0.547,"44":0.506,"45":0.545,"46":0.491,"47":0.737,"48":0.708,"49":0.502,"50":0.741,"51":0.72,"52":0.752,"53":0.599,"54":0.61,"55":0.779,"56":0.606,"57":0.585,"58":0.686,"59":0.58,"60":0.836,"61":0.523,"62":0.753,"63":0.514,"64":0.939,"65":0.567,"66":0.901,"67":0.835,"68":0.685,"69":0.377,"70":0.545,"71":0.462,"72":0.775,"73":0.775,"74":0.315,"75":0.513,"76":0.794,"77":0.613,"78":0.636,"79":0.656,"80":0.893,"81":0.591,"82":0.711,"83":0.779,"84":0.752,"85":0.534,"86":0.637,"87":0.672,"88":0.526,"89":0.761,"90":0.56,"91":0.749,"92":0.495,"93":0.649,"94":0.774,"95":0.387,"96":0.761,"97":0.837,"98":0.682,"99":0.649},"energy":{"0":0.586,"1":0.823,"2":0.448,"3":0.459,"4":0.696,"5":0.758,"6":0.819,"7":0.244,"8":0.393,"9":0.398,"10":0.223,"11":0.558,"12":0.391,"13":0.873,"14":0.72,"15":0.555,"16":0.718,"17":0.792,"18":0.51,"19":0.608,"20":0.908,"21":0.904,"22":0.945,"23":0.7,"24":0.829,"25":0.313,"26":0.0583,"27":0.782,"28":0.859,"29":0.224,"30":0.0722,"31":0.467,"32":0.927,"33":0.405,"34":0.824,"35":0.807,"36":0.63,"37":0.413,"38":0.867,"39":0.827,"40":0.182,"41":0.144,"42":0.743,"43":0.837,"44":0.788,"45":0.659,"46":0.65,"47":0.452,"48":0.309,"49":0.863,"50":0.748,"51":0.754,"52":0.505,"53":0.854,"54":0.743,"55":0.288,"56":0.872,"57":0.303,"58":0.457,"59":0.935,"60":0.544,"61":0.782,"62":0.869,"63":0.758,"64":0.519,"65":0.0963,"66":0.72,"67":0.626,"68":0.28,"69":0.719,"70":0.65,"71":0.549,"72":0.585,"73":0.271,"74":0.715,"75":0.781,"76":0.89,"77":0.765,"78":0.873,"79":0.884,"80":0.155,"81":0.419,"82":0.73,"83":0.23,"84":0.264,"85":0.77,"86":0.843,"87":0.785,"88":0.749,"89":0.724,"90":0.958,"91":0.85,"92":0.102,"93":0.815,"94":0.792,"95":0.462,"96":0.24,"97":0.0798,"98":0.795,"99":0.832},"key":{"0":10,"1":10,"2":7,"3":9,"4":1,"5":1,"6":5,"7":3,"8":10,"9":9,"10":1,"11":2,"12":5,"13":10,"14":11,"15":11,"16":6,"17":5,"18":3,"19":0,"20":1,"21":6,"22":8,"23":0,"24":7,"25":0,"26":1,"27":7,"28":1,"29":9,"30":10,"31":1,"32":9,"33":1,"34":10,"35":1,"36":10,"37":6,"38":1,"39":8,"40":10,"41":1,"42":10,"43":10,"44":9,"45":1,"46":2,"47":0,"48":6,"49":4,"50":0,"51":5,"52":9,"53":9,"54":0,"55":0,"56":7,"57":4,"58":11,"59":9,"60":7,"61":2,"62":1,"63":0,"64":0,"65":9,"66":11,"67":1,"68":7,"69":5,"70":7,"71":8,"72":10,"73":1,"74":11,"75":4,"76":0,"77":11,"78":0,"79":2,"80":10,"81":6,"82":1,"83":0,"84":3,"85":1,"86":5,"87":9,"88":3,"89":7,"90":11,"91":0,"92":3,"93":3,"94":9,"95":10,"96":6,"97":0,"98":8,"99":5},"loudness":{"0":-9.64,"1":-4.227,"2":-9.441,"3":-6.814,"4":-5.572,"5":-4.888,"6":-5.649,"7":-11.717,"8":-12.423,"9":-16.074,"10":-11.915,"11":-7.237,"12":-7.444,"13":-4.343,"14":-5.908,"15":-6.016,"16":-3.315,"17":-2.749,"18":-5.698,"19":-5.196,"20":-4.764,"21":-3.871,"22":-0.33,"23":-7.166,"24":-3.858,"25":-6.918,"26":-13.265,"27":-3.912,"28":-4.106,"29":-9.076,"30":-13.403,"31":-13.549,"32":-3.262,"33":-14.049,"34":-5.892,"35":-3.794,"36":-5.295,"37":-7.438,"38":-3.258,"39":-3.451,"40":-13.545,"41":-14.365,"42":-4.08,"43":-7.085,"44":-2.372,"45":-8.18,"46":-7.362,"47":-8.366,"48":-19.536,"49":-1.273,"50":-6.299,"51":-3.675,"52":-7.621,"53":-5.429,"54":-3.851,"55":-11.875,"56":-2.114,"57":-10.058,"58":-8.322,"59":-3.348,"60":-5.975,"61":-4.846,"62":-2.466,"63":-6.864,"64":-5.911,"65":-14.412,"66":-2.826,"67":-5.833,"68":-11.428,"69":-5.302,"70":-5.853,"71":-6.279,"72":-9.516,"73":-9.131,"74":-8.072,"75":-9.606,"76":-9.438,"77":-6.582,"78":-4.672,"79":-4.748,"80":-14.606,"81":-15.445,"82":-4.979,"83":-16.382,"84":-10.956,"85":-6.324,"86":-5.413,"87":-4.214,"88":-6.964,"89":-3.818,"90":-3.245,"91":-4.346,"92":-12.072,"93":-3.796,"94":-4.019,"95":-5.583,"96":-12.879,"97":-13.512,"98":-6.17,"99":-4.552},"mode":{"0":1,"1":1,"2":1,"3":0,"4":0,"5":1,"6":1,"7":1,"8":1,"9":0,"10":0,"11":0,"12":0,"13":1,"14":0,"15":1,"16":0,"17":1,"18":0,"19":0,"20":0,"21":0,"22":1,"23":0,"24":0,"25":1,"26":0,"27":1,"28":1,"29":0,"30":0,"31":1,"32":0,"33":1,"34":0,"35":0,"36":1,"37":0,"38":1,"39":1,"40":1,"41":0,"42":1,"43":1,"44":1,"45":1,"46":1,"47":1,"48":1,"49":0,"50":1,"51":1,"52":1,"53":1,"54":1,"55":1,"56":0,"57":1,"58":1,"59":1,"60":1,"61":1,"62":1,"63":1,"64":1,"65":1,"66":0,"67":1,"68":1,"69":1,"70":0,"71":1,"72":0,"73":0,"74":0,"75":0,"76":1,"77":1,"78":0,"79":1,"80":1,"81":0,"82":0,"83":1,"84":1,"85":0,"86":1,"87":0,"88":1,"89":1,"90":1,"91":1,"92":1,"93":0,"94":0,"95":1,"96":0,"97":1,"98":0,"99":0},"acousticness":{"0":0.411,"1":0.0171,"2":0.0309,"3":0.0801,"4":0.0192,"5":0.147,"6":0.00342,"7":0.167,"8":0.886,"9":0.761,"10":0.766,"11":0.146,"12":0.0435,"13":0.0653,"14":0.272,"15":0.2,"16":0.059,"17":0.191,"18":0.0764,"19":0.925,"20":0.0506,"21":0.0592,"22":0.0965,"23":0.0153,"24":0.0353,"25":0.919,"26":0.665,"27":0.0599,"28":0.0662,"29":0.0273,"30":0.0547,"31":0.348,"32":0.0282,"33":0.439,"34":0.284,"35":0.0135,"36":0.121,"37":0.00415,"38":0.0406,"39":0.000659,"40":0.585,"41":0.929,"42":0.269,"43":0.00112,"44":0.0666,"45":0.367,"46":0.00634,"47":0.0578,"48":0.428,"49":0.0342,"50":0.0823,"51":0.0128,"52":0.535,"53":0.0746,"54":0.024,"55":0.816,"56":0.262,"57":0.694,"58":0.595,"59":0.0318,"60":0.0403,"61":0.219,"62":0.0238,"63":0.00569,"64":0.0715,"65":0.904,"66":0.262,"67":0.0589,"68":0.0411,"69":0.187,"70":0.00308,"71":0.196,"72":0.0422,"73":0.554,"74":0.00125,"75":0.00784,"76":0.0177,"77":0.082,"78":0.0407,"79":0.0162,"80":0.0993,"81":0.598,"82":0.269,"83":0.85,"84":0.594,"85":0.0145,"86":0.0151,"87":0.0442,"88":0.023,"89":0.0175,"90":0.0016,"91":0.0319,"92":0.766,"93":0.00125,"94":0.00427,"95":0.568,"96":0.0266,"97":0.908,"98":0.0297,"99":0.13},"instrumentalness":{"0":0.000311,"1":0.0,"2":0.0000867,"3":0.00653,"4":0.0,"5":0.0,"6":0.00000556,"7":0.847,"8":0.546,"9":0.613,"10":0.954,"11":0.0,"12":0.915,"13":0.0,"14":0.0,"15":0.0,"16":0.0,"17":0.0,"18":0.0385,"19":0.0000117,"20":0.0,"21":0.0,"22":0.0,"23":0.0,"24":0.0,"25":0.0,"26":0.806,"27":0.0000019,"28":0.0,"29":0.837,"30":0.884,"31":0.878,"32":0.0,"33":0.793,"34":0.0,"35":0.0000644,"36":0.0,"37":0.0000268,"38":0.0,"39":0.00000255,"40":0.868,"41":0.817,"42":0.0,"43":0.000624,"44":0.0,"45":0.00111,"46":0.0000138,"47":0.0000148,"48":0.87,"49":0.0,"50":0.0,"51":0.0,"52":0.00000255,"53":0.0,"54":0.0,"55":0.903,"56":0.0,"57":0.0,"58":0.0,"59":0.0,"60":0.0,"61":0.0000103,"62":0.0,"63":0.0,"64":0.0,"65":0.928,"66":0.0,"67":0.00006,"68":0.897,"69":0.0000147,"70":0.00000798,"71":0.0,"72":0.619,"73":0.00285,"74":0.00000797,"75":0.0336,"76":0.468,"77":0.00000125,"78":0.00000127,"79":0.0,"80":0.687,"81":0.909,"82":0.00000234,"83":0.0228,"84":0.000132,"85":0.00000874,"86":0.0,"87":0.00253,"88":0.00000176,"89":0.0,"90":0.0000496,"91":0.0000481,"92":0.907,"93":0.0000431,"94":0.00000115,"95":0.0,"96":0.905,"97":0.909,"98":0.0391,"99":0.0},"liveness":{"0":0.118,"1":0.341,"2":0.558,"3":0.0551,"4":0.0762,"5":0.311,"6":0.404,"7":0.0927,"8":0.247,"9":0.166,"10":0.0658,"11":0.118,"12":0.118,"13":0.123,"14":0.0563,"15":0.176,"16":0.167,"17":0.167,"18":0.638,"19":0.1,"20":0.0508,"21":0.443,"22":0.17,"23":0.225,"24":0.21,"25":0.108,"26":0.0886,"27":0.393,"28":0.684,"29":0.0844,"30":0.112,"31":0.0837,"32":0.283,"33":0.106,"34":0.405,"35":0.227,"36":0.346,"37":0.0724,"38":0.275,"39":0.301,"40":0.108,"41":0.0869,"42":0.101,"43":0.0937,"44":0.324,"45":0.415,"46":0.188,"47":0.187,"48":0.0843,"49":0.538,"50":0.34,"51":0.616,"52":0.104,"53":0.278,"54":0.321,"55":0.108,"56":0.125,"57":0.115,"58":0.105,"59":0.0977,"60":0.0824,"61":0.133,"62":0.213,"63":0.145,"64":0.0658,"65":0.127,"66":0.0766,"67":0.396,"68":0.068,"69":0.124,"70":0.122,"71":0.284,"72":0.077,"73":0.112,"74":0.0942,"75":0.16,"76":0.0838,"77":0.092,"78":0.0372,"79":0.145,"80":0.114,"81":0.0916,"82":0.109,"83":0.683,"84":0.107,"85":0.279,"86":0.0876,"87":0.136,"88":0.0692,"89":0.116,"90":0.0643,"91":0.0678,"92":0.0723,"93":0.671,"94":0.283,"95":0.11,"96":0.0764,"97":0.085,"98":0.131,"99":0.414},"valence":{"0":0.581,"1":0.305,"2":0.373,"3":0.286,"4":0.625,"5":0.877,"6":0.243,"7":0.092,"8":0.378,"9":0.362,"10":0.0392,"11":0.227,"12":0.692,"13":0.63,"14":0.472,"15":0.73,"16":0.24,"17":0.671,"18":0.0515,"19":0.374,"20":0.967,"21":0.596,"22":0.833,"23":0.375,"24":0.341,"25":0.351,"26":0.42,"27":0.582,"28":0.934,"29":0.439,"30":0.6,"31":0.45,"32":0.492,"33":0.694,"34":0.756,"35":0.833,"36":0.744,"37":0.287,"38":0.877,"39":0.45,"40":0.0663,"41":0.131,"42":0.361,"43":0.568,"44":0.233,"45":0.599,"46":0.0705,"47":0.096,"48":0.451,"49":0.527,"50":0.6,"51":0.195,"52":0.419,"53":0.311,"54":0.263,"55":0.164,"56":0.226,"57":0.142,"58":0.718,"59":0.603,"60":0.51,"61":0.164,"62":0.918,"63":0.35,"64":0.826,"65":0.216,"66":0.795,"67":0.35,"68":0.75,"69":0.118,"70":0.121,"71":0.203,"72":0.518,"73":0.204,"74":0.497,"75":0.102,"76":0.77,"77":0.299,"78":0.908,"79":0.86,"80":0.972,"81":0.797,"82":0.604,"83":0.258,"84":0.184,"85":0.41,"86":0.434,"87":0.219,"88":0.421,"89":0.815,"90":0.961,"91":0.672,"92":0.199,"93":0.765,"94":0.505,"95":0.2,"96":0.658,"97":0.608,"98":0.78,"99":0.58},"tempo":{"0":140.036,"1":157.964,"2":77.176,"3":164.929,"4":92.88,"5":120.041,"6":126.005,"7":164.137,"8":79.877,"9":82.998,"10":80.093,"11":110.443,"12":75.008,"13":84.803,"14":79.983,"15":109.235,"16":104.971,"17":100.015,"18":128.026,"19":68.429,"20":149.941,"21":149.924,"22":164.094,"23":127.977,"24":93.961,"25":199.572,"26":80.989,"27":121.987,"28":118.919,"29":168.145,"30":89.075,"31":120.018,"32":144.951,"33":137.952,"34":100.024,"35":104.962,"36":109.962,"37":100.003,"38":120.022,"39":167.086,"40":85.989,"41":78.687,"42":122.035,"43":135.47,"44":89.993,"45":108.04,"46":121.123,"47":117.962,"48":74.99,"49":97.911,"50":127.965,"51":114.054,"52":91.97,"53":119.986,"54":125.817,"55":134.992,"56":129.965,"57":136.703,"58":150.953,"59":172.023,"60":97.028,"61":125.998,"62":106.01,"63":99.89,"64":135.054,"65":86.925,"66":90.059,"67":91.03,"68":87.112,"69":161.807,"70":143.937,"71":93.892,"72":109.942,"73":104.001,"74":155.925,"75":126.974,"76":125.003,"77":103.951,"78":165.071,"79":105.009,"80":92.001,"81":75.927,"82":93.015,"83":73.512,"84":86.001,"85":144.04,"86":109.012,"87":90.574,"88":99.982,"89":149.936,"90":129.984,"91":145.983,"92":141.168,"93":126.03,"94":98.1,"95":134.674,"96":161.941,"97":81.985,"98":120.008,"99":139.986},"duration_ms":{"0":210862,"1":286773,"2":198960,"3":216813,"4":207401,"5":206493,"6":208619,"7":175610,"8":97500,"9":144562,"10":129000,"11":223253,"12":153600,"13":202533,"14":261640,"15":200488,"16":205820,"17":214290,"18":311250,"19":219482,"20":173693,"21":214957,"22":186896,"23":206379,"24":264682,"25":259788,"26":121199,"27":195000,"28":199796,"29":131443,"30":124082,"31":176000,"32":225302,"33":125217,"34":218093,"35":202963,"36":218880,"37":227880,"38":199563,"39":493400,"40":182972,"41":162008,"42":262533,"43":245360,"44":206039,"45":192707,"46":190120,"47":245653,"48":77600,"49":271326,"50":289133,"51":209688,"52":197437,"53":234547,"54":216560,"55":163500,"56":232333,"57":240166,"58":242187,"59":191440,"60":217947,"61":214813,"62":201000,"63":219547,"64":259983,"65":150489,"66":193467,"67":217925,"68":95250,"69":225700,"70":233773,"71":255729,"72":337560,"73":196998,"74":289533,"75":319457,"76":236160,"77":239920,"78":192427,"79":237987,"80":85473,"81":76500,"82":210158,"83":144000,"84":192630,"85":254556,"86":220733,"87":305573,"88":208680,"89":193387,"90":190987,"91":190423,"92":191875,"93":230747,"94":202773,"95":228549,"96":79993,"97":106000,"98":210853,"99":184935},"time_signature":{"0":4,"1":4,"2":4,"3":3,"4":4,"5":4,"6":4,"7":4,"8":4,"9":4,"10":4,"11":4,"12":4,"13":4,"14":4,"15":4,"16":4,"17":4,"18":4,"19":4,"20":4,"21":4,"22":4,"23":4,"24":4,"25":3,"26":4,"27":4,"28":4,"29":4,"30":4,"31":4,"32":4,"33":4,"34":4,"35":4,"36":4,"37":4,"38":4,"39":4,"40":4,"41":4,"42":4,"43":4,"44":4,"45":4,"46":4,"47":4,"48":4,"49":4,"50":4,"51":4,"52":4,"53":4,"54":4,"55":4,"56":4,"57":3,"58":4,"59":4,"60":4,"61":4,"62":4,"63":4,"64":4,"65":4,"66":4,"67":4,"68":4,"69":4,"70":4,"71":4,"72":4,"73":3,"74":3,"75":4,"76":4,"77":4,"78":4,"79":4,"80":4,"81":4,"82":4,"83":4,"84":4,"85":4,"86":4,"87":4,"88":4,"89":4,"90":4,"91":4,"92":4,"93":4,"94":4,"95":4,"96":4,"97":4,"98":4,"99":4},"num_bars":{"0":122,"1":182,"2":63,"3":191,"4":80,"5":102,"6":106,"7":118,"8":32,"9":46,"10":40,"11":99,"12":47,"13":70,"14":85,"15":91,"16":88,"17":88,"18":164,"19":60,"20":108,"21":136,"22":125,"23":109,"24":102,"25":275,"26":39,"27":96,"28":96,"29":91,"30":44,"31":87,"32":135,"33":71,"34":88,"35":87,"36":97,"37":95,"38":98,"39":321,"40":64,"41":51,"42":131,"43":137,"44":75,"45":85,"46":109,"47":119,"48":23,"49":141,"50":154,"51":98,"52":75,"53":116,"54":113,"55":91,"56":122,"57":178,"58":151,"59":137,"60":84,"61":112,"62":88,"63":88,"64":143,"65":52,"66":72,"67":82,"68":33,"69":150,"70":139,"71":112,"72":152,"73":110,"74":249,"75":169,"76":121,"77":101,"78":129,"79":102,"80":31,"81":23,"82":81,"83":43,"84":65,"85":150,"86":97,"87":114,"88":83,"89":118,"90":102,"91":114,"92":112,"93":120,"94":80,"95":124,"96":52,"97":34,"98":104,"99":106},"num_sections":{"0":9,"1":12,"2":11,"3":10,"4":10,"5":10,"6":13,"7":9,"8":4,"9":5,"10":5,"11":7,"12":8,"13":10,"14":11,"15":7,"16":5,"17":9,"18":15,"19":8,"20":10,"21":11,"22":10,"23":10,"24":11,"25":14,"26":5,"27":10,"28":10,"29":5,"30":5,"31":4,"32":8,"33":6,"34":9,"35":9,"36":10,"37":14,"38":9,"39":19,"40":7,"41":10,"42":12,"43":13,"44":10,"45":7,"46":9,"47":10,"48":4,"49":13,"50":14,"51":8,"52":9,"53":13,"54":10,"55":5,"56":8,"57":10,"58":11,"59":8,"60":10,"61":11,"62":12,"63":10,"64":13,"65":7,"66":10,"67":10,"68":4,"69":11,"70":7,"71":11,"72":9,"73":8,"74":14,"75":13,"76":10,"77":6,"78":9,"79":11,"80":3,"81":5,"82":11,"83":4,"84":6,"85":11,"86":12,"87":11,"88":9,"89":9,"90":7,"91":11,"92":13,"93":8,"94":10,"95":10,"96":4,"97":4,"98":7,"99":8},"num_segments":{"0":946,"1":907,"2":769,"3":668,"4":956,"5":832,"6":729,"7":630,"8":380,"9":540,"10":443,"11":818,"12":587,"13":702,"14":926,"15":796,"16":799,"17":789,"18":942,"19":685,"20":734,"21":836,"22":699,"23":676,"24":1055,"25":804,"26":337,"27":683,"28":812,"29":448,"30":448,"31":711,"32":843,"33":515,"34":958,"35":844,"36":727,"37":863,"38":806,"39":1589,"40":694,"41":522,"42":830,"43":997,"44":657,"45":696,"46":789,"47":880,"48":361,"49":1003,"50":1065,"51":867,"52":781,"53":833,"54":828,"55":564,"56":755,"57":706,"58":957,"59":785,"60":782,"61":699,"62":788,"63":824,"64":1095,"65":506,"66":891,"67":1012,"68":366,"69":732,"70":759,"71":835,"72":1398,"73":689,"74":988,"75":1243,"76":1131,"77":937,"78":760,"79":788,"80":277,"81":327,"82":885,"83":541,"84":613,"85":962,"86":871,"87":1314,"88":625,"89":815,"90":685,"91":753,"92":647,"93":951,"94":866,"95":671,"96":276,"97":377,"98":918,"99":729},"class":{"0":1,"1":1,"2":1,"3":1,"4":1,"5":1,"6":1,"7":1,"8":1,"9":1,"10":1,"11":1,"12":1,"13":1,"14":1,"15":1,"16":1,"17":1,"18":1,"19":1,"20":1,"21":1,"22":1,"23":1,"24":1,"25":1,"26":1,"27":1,"28":1,"29":1,"30":1,"31":1,"32":1,"33":1,"34":1,"35":1,"36":1,"37":1,"38":1,"39":1,"40":1,"41":1,"42":1,"43":1,"44":1,"45":1,"46":1,"47":1,"48":1,"49":1,"50":1,"51":1,"52":1,"53":1,"54":1,"55":1,"56":1,"57":1,"58":1,"59":1,"60":1,"61":1,"62":1,"63":1,"64":1,"65":1,"66":1,"67":1,"68":1,"69":1,"70":1,"71":1,"72":1,"73":1,"74":1,"75":1,"76":1,"77":1,"78":1,"79":1,"80":1,"81":1,"82":1,"83":1,"84":1,"85":1,"86":1,"87":1,"88":1,"89":1,"90":1,"91":1,"92":1,"93":1,"94":1,"95":1,"96":1,"97":1,"98":1,"99":1}}