{"id":{"0":"0x64VU0L9lsdVU12AHp01L","1":"4WQUJuMJ4R9QDikB88wST6","2":"1nX9KhK3Fff27SnrIor2Yb","3":"0KhBoJR0602XQDahtoEsy3","4":"3Timk4Wy8wnJDCfq6O7YDW","5":"3GQsfsRqUVGLq19TOd9PBU","6":"4VVvKg5swvHf34JI7uwL2L","7":"5NiqIB4BwRpoU1V6U195OU","8":"6NgdiN6wiPU7a3bgU85tKV","9":"1SGt65i9AnXYdDQt1AtDRH","10":"51EC3I1nQXpec4gDk0mQyP","11":"6ho88pvz4c8WCSFbdVXNia","12":"3jvNkPxkPRqnr5XlC5gKel","13":"5X5odbPlO51A5AJnBnf1V9","14":"3LbFEmmjIYfAYN7MBdF7yp","15":"1pt362N2fWD7IVOI029VvP","16":"6LtgWsfXYNmYPLcyQEV3qP","17":"1oTyX0QcxOmnJlilzhfak1","18":"6pz5cIbHc2Hygoad3qUeGM","19":"6vAQtUlYrzolE6SS9QCTs5","20":"66pxmg3Jhjm09tHoWR1wVR","21":"2CY9aDyI5NQLSuvU2d2VzX","22":"2GyHLJ238fZx2QkQO9v7nV","23":"3ESMv5bi8bCx9qeYXAITFD","24":"5Dbg8Bxk32c3t7rUv6186S","25":"1RAT7pGtFKGsVe38SDKvKo","26":"5REaz8PzRATebU3emIBKWw","27":"3K5KB690MndJWqBFRxXSbL","28":"1wHZx0LgzFHyeIZkUydNXq","29":"7DEgL4rErTwjrsxLMlUVhf","30":"57oCy5ZOUhl9Ci0BS8ypLO","31":"4Q5uB9p1o0DfjdVtkODhvL","32":"0yZv6Grlj2vFaiNtGAQAzf","33":"2kr7Xk67iXKhjOtGWGAmBD","34":"4MXhiYIRDMGAuvZc5IFTwC","35":"1WdZlTH1fqGhhPPCTav4ck","36":"2RBkVQwpkDeYytMTQwjyTk","37":"7fRruZ12gXGwBs0zXQ6e5V","38":"5B22898x7nc8QcO9VjqRbI","39":"6J4khM5qxAUjCsxoURWem1","40":"0PrKDQjsr4imJ7sJTVMrXd","41":"42hOjpNyfdvf3d7FK8Qsc2","42":"5ix3mPn7JFsKTVoidu6dBw","43":"6Zisja44KqMZj4GM4UY6Yv","44":"5zHEo6P8X59pa59QIcztWi","45":"5R7HpWXej6SiCrd9YJsC5g","46":"0Aoh3SQxGdBlxVSXLZUToj","47":"4YO3pCRXFuUpQJ91elLCxl","48":"75FDPwaULRdYDn4StFN2rT","49":"0dIoGTQXDh1wVnhIiSyYEa","50":"63YgzHoGXHXTIpwxIVdn0T","51":"2Yl4OmDby9iitgNWZPwxkd","52":"6J3YPOejivwLSjM2dru5Ad","53":"0KnwZmntwVMklQfmYvoEf7","54":"21cKbg4QjfBoIOxgddm7DH","55":"0lrqP022E0DDCG7tPjAxPp","56":"4Qx06Fzsepmdz2NGSWfZck","57":"2j9kHX0UE3r7wNnUZUjXfI","58":"0ESJlaM8CE1jRWaNtwSNj8","59":"0d8CCyqNvwlLvdlfaMZ2v3","60":"33JcUj9qQDayKswunZP9ar","61":"00B7TZ0Xawar6NZ00JFomN","62":"2ZYbPXhx4OCmdTsMThbSEW","63":"0KVrDBx0uUoS3NuKxspmJX","64":"1xW4kMUDDIrZhm28u9nS4D","65":"5IIeWtpoIOYXOjI7abyw8Z","66":"6IqUm14MgoKbwt6jdGBikH","67":"49BshcjSMWJwpcNfsJv7c8","68":"4j779sUc98SGgsEP4bl1N5","69":"17Yq72h0p15OhCbZ5lJ5gd","70":"42XnD59SFcomCJu55EPhqJ","71":"3VPJVon5HEa2VGZC62RJfW","72":"03cElm8polfuCWxY5g5izH","73":"52315Hm6GkGCuWoDgpAMPL","74":"1YHlgbQb7qACT02vSgRopY","75":"4fGT0JiaqoHShrg6uSsKfB","76":"5A1osAdluttp6Cw186NpUD","77":"26NEy2ZH4PpkMar8l4kEws","78":"7herr9burIFLblzjh7c0l3","79":"2oPCR02nduYVpj7CTfsA0d","80":"6KBYefIoo7KydImq1uUQlL","81":"2771LMNxwf62FTAdpJMQfM","82":"7mldq42yDuxiUNn08nvzHO","83":"0R4QLXjzI2S1uHyw2nFIlK","84":"7Dhy1R9NmD96wfr7VJEN37","85":"3zAlMVCwpuTlwU4SozSKyY","86":"77a5Eu7lC3tG0Sukt2O91U","87":"7j2OoTiQHGLRLSfqISKKY6","88":"0t9xWanfFQgYsxTQ6fV0pH","89":"1wUNhYmWgS7XG7pzLmnU5z","90":"1lXr5tEPGHcu5E5BaXwPPi","91":"2BeispT0rpKZX9RhI1H8vL","92":"446Jufq5oOCwOSXbkqq5yD","93":"06gD2ZtK3Dzc1BYqWExQJJ","94":"5rsH1ezDwyf4o8JJguPgRc","95":"4n7bu0qAZtQnzn3xXWPMOh","96":"1E3WhXPIBFnoanyVEI9dHv","97":"5gM9zlxeezOWKpR04D9UL8","98":"43nNz6JNOYX2M3YsGq8hnc","99":"4a1oIihVt6xSnDRpgX387M"},"title":{"0":"1, 2, 3 Mississippi","1":"1 of 1 (feat. Da Baby)","2":"4 AM","3":"4 Tha Three","4":"16 Candles","5":"20\/20","6":"90's Country","7":"151 Rum","8":"365","9":"3500 (feat. Future & 2 Chainz)","10":"90210 (feat. Kacy Hill)","11":"a&t","12":"Aa Mere Saath","13":"Adding Up","14":"Ae Dil Hai Mushkil (Club Mix By DJ Kiran Kamath) [From \"Ae Dil Hai Mushkil\"]","15":"Ain't Enough Beer","16":"Ain't Too Proud To Beg","17":"Aitvaar","18":"Alive","19":"All Out Life","20":"All the Pretty Girls","21":"All Thee Above (feat. Kevin Gates)","22":"Alley Oop (feat. Lil Baby)","23":"The American Nightmare","24":"Among My Souvenirs","25":"Anger Left Behind","26":"Ankhiyaan","27":"ANTI-SOCIAL","28":"Antidote","29":"Any Ol' Barstool","30":"April Love","31":"Are You Ready","32":"As I Love You","33":"Ash to Ashes","34":"ASTROTHUNDER","35":"Ayo","36":"Baaki Baatein Peene Baad (Shots)","37":"Babe","38":"Bacc Street Boys","39":"Back It Up (feat. Konshens & Hoodcelebrityy)","40":"Back On The Wagon","41":"Back To Back","42":"Backroad Song","43":"Balenciaga Challenge (feat. Offset)","44":"Baller","45":"Bang Bang","46":"Barbara-Ann","47":"Barefoot Dancer","48":"Bartier Cardi (feat. 21 Savage)","49":"Bartier Cardi (feat. 21 Savage)","50":"Bartzabel","51":"Be Careful","52":"Be Careful","53":"Beat Juunglee (From \"Dil Juunglee\")","54":"Beautiful","55":"Beautiful Believer","56":"Beautiful Crazy","57":"Behave","58":"beibs in the trap","59":"Bella","60":"Best Friend","61":"Best Life (feat. Chance The Rapper)","62":"Best Shot","63":"Betrayal","64":"Betrayal of The Mind","65":"Better","66":"Better Off Gone","67":"Better Than Flowers","68":"Bhare Bazaar","69":"Bickenhead","70":"Big Bidness (& Metro Boomin)","71":"Big Girls Don't Cry","72":"Big Talk","73":"Bigger Bottle","74":"Bills","75":"BiPolar (feat. Quavo)","76":"Black Bear","77":"Black Flame","78":"Blessed","79":"Blue Tacoma","80":"Bodak Yellow","81":"Bodak Yellow","82":"Body Like A Back Road","83":"Bollywood Medley 6","84":"Bom Diggy","85":"Book of Love","86":"Born to Love You","87":"Born Too Late","88":"Bottom of the Pot","89":"Bound by Silence (feat. John Bush)","90":"Break The Bank (feat. Offset)","91":"Break Up with Him","92":"Bring It On Over","93":"Broken Halos","94":"Bronx Season","95":"Bubblin'","96":"Bud-Wiser","97":"Bullet","98":"Bungee Jumping","99":"Burning Man"},"danceability":{"0":0.596,"1":0.88,"2":0.796,"3":0.844,"4":0.604,"5":0.319,"6":0.738,"7":0.73,"8":0.475,"9":0.773,"10":0.402,"11":0.924,"12":0.705,"13":0.831,"14":0.647,"15":0.494,"16":0.698,"17":0.737,"18":0.305,"19":0.499,"20":0.612,"21":0.736,"22":0.861,"23":0.516,"24":0.484,"25":0.416,"26":0.618,"27":0.53,"28":0.713,"29":0.536,"30":0.291,"31":0.528,"32":0.346,"33":0.83,"34":0.7,"35":0.908,"36":0.566,"37":0.535,"38":0.754,"39":0.703,"40":0.504,"41":0.933,"42":0.488,"43":0.746,"44":0.747,"45":0.703,"46":0.271,"47":0.508,"48":0.909,"49":0.908,"50":0.468,"51":0.82,"52":0.818,"53":0.75,"54":0.799,"55":0.482,"56":0.552,"57":0.433,"58":0.743,"59":0.596,"60":0.959,"61":0.62,"62":0.629,"63":0.735,"64":0.339,"65":0.495,"66":0.672,"67":0.631,"68":0.855,"69":0.884,"70":0.657,"71":0.815,"72":0.888,"73":0.637,"74":0.84,"75":0.747,"76":0.517,"77":0.41,"78":0.598,"79":0.455,"80":0.926,"81":0.929,"82":0.731,"83":0.429,"84":0.793,"85":0.664,"86":0.659,"87":0.501,"88":0.972,"89":0.363,"90":0.941,"91":0.615,"92":0.705,"93":0.607,"94":0.808,"95":0.882,"96":0.519,"97":0.545,"98":0.492,"99":0.609},"energy":{"0":0.751,"1":0.65,"2":0.5,"3":0.837,"4":0.307,"5":0.925,"6":0.718,"7":0.86,"8":0.878,"9":0.595,"10":0.526,"11":0.567,"12":0.596,"13":0.839,"14":0.935,"15":0.61,"16":0.895,"17":0.753,"18":0.973,"19":0.97,"20":0.848,"21":0.568,"22":0.499,"23":0.974,"24":0.396,"25":0.987,"26":0.579,"27":0.943,"28":0.526,"29":0.722,"30":0.202,"31":0.976,"32":0.332,"33":0.638,"34":0.46,"35":0.458,"36":0.862,"37":0.777,"38":0.498,"39":0.594,"40":0.7,"41":0.696,"42":0.833,"43":0.404,"44":0.545,"45":0.678,"46":0.56,"47":0.71,"48":0.546,"49":0.524,"50":0.913,"51":0.568,"52":0.563,"53":0.961,"54":0.562,"55":0.753,"56":0.402,"57":0.67,"58":0.571,"59":0.796,"60":0.598,"61":0.625,"62":0.464,"63":0.729,"64":0.978,"65":0.639,"66":0.622,"67":0.824,"68":0.849,"69":0.814,"70":0.579,"71":0.606,"72":0.767,"73":0.456,"74":0.574,"75":0.569,"76":0.994,"77":0.938,"78":0.882,"79":0.897,"80":0.703,"81":0.723,"82":0.469,"83":0.279,"84":0.777,"85":0.532,"86":0.902,"87":0.311,"88":0.735,"89":0.971,"90":0.671,"91":0.65,"92":0.761,"93":0.575,"94":0.593,"95":0.676,"96":0.852,"97":0.813,"98":0.544,"99":0.807},"key":{"0":6,"1":9,"2":1,"3":10,"4":10,"5":8,"6":1,"7":7,"8":7,"9":8,"10":9,"11":5,"12":8,"13":0,"14":3,"15":11,"16":11,"17":1,"18":4,"19":0,"20":6,"21":1,"22":6,"23":2,"24":9,"25":0,"26":3,"27":4,"28":1,"29":4,"30":8,"31":2,"32":9,"33":9,"34":4,"35":8,"36":7,"37":4,"38":5,"39":7,"40":5,"41":7,"42":11,"43":10,"44":10,"45":4,"46":5,"47":1,"48":8,"49":1,"50":6,"51":6,"52":2,"53":9,"54":9,"55":1,"56":11,"57":6,"58":7,"59":11,"60":8,"61":9,"62":4,"63":4,"64":10,"65":5,"66":5,"67":11,"68":11,"69":7,"70":7,"71":7,"72":0,"73":5,"74":9,"75":8,"76":0,"77":5,"78":10,"79":9,"80":11,"81":11,"82":5,"83":9,"84":4,"85":7,"86":7,"87":4,"88":8,"89":8,"90":8,"91":3,"92":0,"93":8,"94":5,"95":1,"96":1,"97":1,"98":1,"99":5},"loudness":{"0":-6.233,"1":-8.436,"2":-7.21,"3":-4.25,"4":-10.832,"5":-4.239,"6":-5.777,"7":-3.532,"8":-6.905,"9":-6.062,"10":-6.741,"11":-5.009,"12":-7.392,"13":-2.705,"14":-4.009,"15":-4.885,"16":-3.888,"17":-5.14,"18":-3.466,"19":-2.838,"20":-3.736,"21":-5.973,"22":-7.458,"23":-4.296,"24":-7.701,"25":-3.333,"26":-11.548,"27":-6.554,"28":-5.046,"29":-4.163,"30":-12.551,"31":-2.188,"32":-8.4,"33":-7.223,"34":-8.111,"35":-7.313,"36":-6.02,"37":-3.292,"38":-7.555,"39":-6.996,"40":-6.136,"41":-5.092,"42":-6.571,"43":-9.849,"44":-7.916,"45":-8.644,"46":-8.915,"47":-4.936,"48":-7.513,"49":-7.955,"50":-5.67,"51":-8.23,"52":-8.096,"53":-4.166,"54":-5.116,"55":-6.034,"56":-7.431,"57":-4.875,"58":-6.054,"59":-3.241,"60":-5.534,"61":-7.438,"62":-8.72,"63":-5.199,"64":-3.14,"65":-4.722,"66":-7.421,"67":-4.839,"68":-4.472,"69":-5.333,"70":-10.463,"71":-9.733,"72":-6.565,"73":-9.02,"74":-5.941,"75":-6.679,"76":-4.29,"77":-5.04,"78":-4.531,"79":-4.879,"80":-6.337,"81":-5.792,"82":-7.226,"83":-10.981,"84":-5.636,"85":-9.584,"86":-6.192,"87":-9.62,"88":-4.643,"89":-3.778,"90":-6.259,"91":-4.944,"92":-4.579,"93":-7.066,"94":-5.063,"95":-5.46,"96":-3.931,"97":-7.108,"98":-7.374,"99":-7.221},"mode":{"0":1,"1":0,"2":1,"3":0,"4":1,"5":1,"6":0,"7":1,"8":1,"9":0,"10":0,"11":1,"12":0,"13":1,"14":0,"15":1,"16":0,"17":1,"18":1,"19":1,"20":1,"21":1,"22":1,"23":1,"24":1,"25":1,"26":0,"27":0,"28":1,"29":1,"30":1,"31":1,"32":1,"33":0,"34":0,"35":1,"36":0,"37":1,"38":0,"39":1,"40":1,"41":1,"42":1,"43":0,"44":1,"45":0,"46":1,"47":1,"48":1,"49":1,"50":1,"51":0,"52":1,"53":1,"54":0,"55":1,"56":1,"57":1,"58":0,"59":0,"60":1,"61":1,"62":1,"63":0,"64":0,"65":0,"66":0,"67":1,"68":1,"69":1,"70":0,"71":1,"72":1,"73":1,"74":0,"75":1,"76":1,"77":0,"78":1,"79":1,"80":0,"81":0,"82":1,"83":0,"84":0,"85":1,"86":1,"87":1,"88":0,"89":1,"90":1,"91":1,"92":1,"93":1,"94":0,"95":1,"96":1,"97":1,"98":0,"99":1},"acousticness":{"0":0.00878,"1":0.262,"2":0.118,"3":0.221,"4":0.727,"5":0.000227,"6":0.163,"7":0.199,"8":0.000227,"9":0.114,"10":0.113,"11":0.00169,"12":0.0957,"13":0.354,"14":0.0116,"15":0.464,"16":0.00873,"17":0.175,"18":0.000141,"19":0.000683,"20":0.00916,"21":0.00988,"22":0.276,"23":0.0000751,"24":0.469,"25":0.0567,"26":0.514,"27":0.00315,"28":0.00767,"29":0.312,"30":0.877,"31":0.000108,"32":0.876,"33":0.167,"34":0.142,"35":0.558,"36":0.0246,"37":0.0187,"38":0.00266,"39":0.0158,"40":0.115,"41":0.0112,"42":0.0352,"43":0.128,"44":0.357,"45":0.0478,"46":0.743,"47":0.000717,"48":0.000704,"49":0.00111,"50":0.0265,"51":0.0256,"52":0.0253,"53":0.0941,"54":0.377,"55":0.00696,"56":0.676,"57":0.0234,"58":0.24,"59":0.12,"60":0.0358,"61":0.287,"62":0.75,"63":0.00933,"64":0.0000236,"65":0.449,"66":0.117,"67":0.336,"68":0.276,"69":0.154,"70":0.123,"71":0.571,"72":0.0305,"73":0.393,"74":0.364,"75":0.144,"76":0.000252,"77":0.000361,"78":0.00559,"79":0.0183,"80":0.0659,"81":0.0672,"82":0.463,"83":0.835,"84":0.273,"85":0.743,"86":0.13,"87":0.672,"88":0.0792,"89":0.000026,"90":0.00445,"91":0.0718,"92":0.00385,"93":0.133,"94":0.134,"95":0.206,"96":0.0392,"97":0.000172,"98":0.526,"99":0.00403},"instrumentalness":{"0":0.00000654,"1":0.0,"2":0.0,"3":0.0,"4":0.0,"5":0.00923,"6":0.0,"7":0.00182,"8":0.00000724,"9":0.00000247,"10":0.00000833,"11":0.0,"12":0.0,"13":0.0,"14":0.000144,"15":0.0,"16":0.0,"17":0.0,"18":0.00000551,"19":0.136,"20":0.0,"21":0.0,"22":0.0,"23":0.000866,"24":0.000108,"25":0.000145,"26":0.0000898,"27":0.00147,"28":0.000148,"29":0.0,"30":0.00491,"31":0.0,"32":0.00000937,"33":0.000183,"34":0.0000481,"35":0.0,"36":0.0,"37":0.00000162,"38":0.0,"39":0.0000193,"40":0.0,"41":0.0,"42":0.0172,"43":0.0000205,"44":0.0,"45":0.0000702,"46":0.0,"47":0.0,"48":0.000823,"49":0.000678,"50":0.0769,"51":0.0,"52":0.0,"53":0.0000325,"54":0.00000456,"55":0.0,"56":0.0,"57":0.0000291,"58":0.0,"59":0.00139,"60":0.0,"61":0.0,"62":0.0,"63":0.0,"64":0.000716,"65":0.0,"66":0.0,"67":0.0000013,"68":0.0,"69":0.00000167,"70":0.0,"71":0.0,"72":0.0,"73":0.0000121,"74":0.0,"75":0.0,"76":0.717,"77":0.00465,"78":0.0,"79":0.0,"80":0.0,"81":0.0,"82":0.00000104,"83":0.0000203,"84":0.0,"85":0.0,"86":0.0000945,"87":0.000125,"88":0.0,"89":0.0000739,"90":0.00284,"91":0.0,"92":0.0,"93":0.00000252,"94":0.0,"95":0.00000915,"96":0.0,"97":0.0000491,"98":0.0709,"99":0.00000542},"liveness":{"0":0.0866,"1":0.0929,"2":0.155,"3":0.221,"4":0.0932,"5":0.413,"6":0.207,"7":0.322,"8":0.3,"9":0.13,"10":0.105,"11":0.0898,"12":0.0579,"13":0.268,"14":0.0643,"15":0.153,"16":0.0727,"17":0.113,"18":0.301,"19":0.0871,"20":0.366,"21":0.0731,"22":0.0971,"23":0.405,"24":0.126,"25":0.0853,"26":0.303,"27":0.0701,"28":0.124,"29":0.117,"30":0.0546,"31":0.24,"32":0.201,"33":0.13,"34":0.111,"35":0.297,"36":0.103,"37":0.136,"38":0.146,"39":0.0802,"40":0.136,"41":0.0753,"42":0.34,"43":0.19,"44":0.114,"45":0.496,"46":0.203,"47":0.136,"48":0.36,"49":0.383,"50":0.0787,"51":0.0952,"52":0.0909,"53":0.144,"54":0.1,"55":0.248,"56":0.0928,"57":0.117,"58":0.291,"59":0.129,"60":0.358,"61":0.314,"62":0.0853,"63":0.0822,"64":0.155,"65":0.0683,"66":0.113,"67":0.289,"68":0.0302,"69":0.158,"70":0.102,"71":0.13,"72":0.343,"73":0.106,"74":0.145,"75":0.18,"76":0.0403,"77":0.153,"78":0.285,"79":0.174,"80":0.231,"81":0.346,"82":0.103,"83":0.105,"84":0.144,"85":0.706,"86":0.0574,"87":0.174,"88":0.0664,"89":0.0723,"90":0.139,"91":0.101,"92":0.186,"93":0.0566,"94":0.124,"95":0.0772,"96":0.376,"97":0.0955,"98":0.195,"99":0.0926},"valence":{"0":0.757,"1":0.872,"2":0.227,"3":0.796,"4":0.604,"5":0.492,"6":0.685,"7":0.647,"8":0.477,"9":0.338,"10":0.312,"11":0.827,"12":0.492,"13":0.51,"14":0.245,"15":0.351,"16":0.876,"17":0.668,"18":0.177,"19":0.0506,"20":0.719,"21":0.514,"22":0.861,"23":0.401,"24":0.57,"25":0.258,"26":0.627,"27":0.245,"28":0.131,"29":0.499,"30":0.492,"31":0.511,"32":0.258,"33":0.439,"34":0.286,"35":0.479,"36":0.455,"37":0.664,"38":0.278,"39":0.451,"40":0.442,"41":0.659,"42":0.751,"43":0.686,"44":0.338,"45":0.694,"46":0.78,"47":0.364,"48":0.0986,"49":0.109,"50":0.187,"51":0.535,"52":0.486,"53":0.911,"54":0.69,"55":0.505,"56":0.382,"57":0.33,"58":0.495,"59":0.761,"60":0.408,"61":0.665,"62":0.523,"63":0.149,"64":0.155,"65":0.444,"66":0.561,"67":0.681,"68":0.699,"69":0.907,"70":0.146,"71":0.883,"72":0.596,"73":0.413,"74":0.427,"75":0.167,"76":0.133,"77":0.163,"78":0.719,"79":0.728,"80":0.485,"81":0.458,"82":0.631,"83":0.309,"84":0.528,"85":0.966,"86":0.809,"87":0.818,"88":0.55,"89":0.724,"90":0.198,"91":0.548,"92":0.819,"93":0.504,"94":0.239,"95":0.708,"96":0.77,"97":0.434,"98":0.13,"99":0.492},"tempo":{"0":155.974,"1":129.935,"2":75.012,"3":140.004,"4":114.009,"5":196.931,"6":125.047,"7":129.952,"8":164.995,"9":123.968,"10":81.404,"11":146.975,"12":179.925,"13":134.932,"14":128.039,"15":139.977,"16":120.004,"17":171.853,"18":151.213,"19":106.558,"20":120.996,"21":145.93,"22":122.003,"23":120.043,"24":108.834,"25":155.045,"26":89.986,"27":140.023,"28":131.05,"29":143.78,"30":93.665,"31":100.082,"32":73.673,"33":133.985,"34":151.901,"35":131.533,"36":147.974,"37":171.72,"38":135.094,"39":123.234,"40":147.98,"41":140.088,"42":174.006,"43":142.913,"44":175.989,"45":120.051,"46":168.423,"47":108.033,"48":138.043,"49":138.015,"50":109.003,"51":152.279,"52":152.108,"53":134.106,"54":140.007,"55":171.866,"56":103.313,"57":90.071,"58":119.054,"59":179.987,"60":127.029,"61":167.911,"62":156.051,"63":157.109,"64":112.543,"65":94.047,"66":100.016,"67":115.02,"68":126.028,"69":155.938,"70":84.985,"71":130.45,"72":99.98,"73":92.016,"74":110.036,"75":157.056,"76":105.145,"77":148.991,"78":77.494,"79":160.139,"80":125.022,"81":125.022,"82":98.963,"83":175.432,"84":103.956,"85":105.171,"86":124.985,"87":85.322,"88":127.036,"89":141.205,"90":140.048,"91":152.086,"92":99.986,"93":78.341,"94":88.057,"95":103.022,"96":163.963,"97":110.009,"98":132.141,"99":119.073},"duration_ms":{"0":206800,"1":206856,"2":255560,"3":181714,"4":174640,"5":241218,"6":172133,"7":156695,"8":208304,"9":461840,"10":339067,"11":211588,"12":149333,"13":206002,"14":237187,"15":192133,"16":181307,"17":172326,"18":285493,"19":340132,"20":212893,"21":212400,"22":152187,"23":252151,"24":149933,"25":203547,"26":205427,"27":258869,"28":262693,"29":203293,"30":160107,"31":261705,"32":172413,"33":220368,"34":142969,"35":196000,"36":220313,"37":215107,"38":128000,"39":157613,"40":213813,"41":168079,"42":236787,"43":187217,"44":152790,"45":320000,"46":135773,"47":199695,"48":224613,"49":224285,"50":301285,"51":210787,"52":210675,"53":129999,"54":154375,"55":212427,"56":193200,"57":211671,"58":213863,"59":208667,"60":213000,"61":284856,"62":195053,"63":198654,"64":258000,"65":244754,"66":182084,"67":203817,"68":214286,"69":181624,"70":273027,"71":145973,"72":164728,"73":183984,"74":201454,"75":214642,"76":188538,"77":318640,"78":211640,"79":212067,"80":223713,"81":223962,"82":165387,"83":153409,"84":207692,"85":127589,"86":230013,"87":136827,"88":160373,"89":297500,"90":184187,"91":207733,"92":182133,"93":180907,"94":142456,"95":160000,"96":192937,"97":208493,"98":229773,"99":238493},"time_signature":{"0":4,"1":3,"2":4,"3":4,"4":3,"5":4,"6":4,"7":4,"8":4,"9":4,"10":4,"11":4,"12":4,"13":4,"14":4,"15":4,"16":4,"17":4,"18":4,"19":4,"20":4,"21":4,"22":4,"23":4,"24":3,"25":4,"26":4,"27":4,"28":4,"29":4,"30":3,"31":4,"32":4,"33":4,"34":4,"35":4,"36":4,"37":4,"38":4,"39":5,"40":4,"41":4,"42":4,"43":4,"44":4,"45":4,"46":4,"47":4,"48":4,"49":4,"50":4,"51":4,"52":4,"53":4,"54":4,"55":4,"56":4,"57":4,"58":4,"59":4,"60":4,"61":4,"62":4,"63":4,"64":3,"65":4,"66":4,"67":4,"68":4,"69":4,"70":4,"71":4,"72":4,"73":4,"74":4,"75":4,"76":4,"77":4,"78":4,"79":4,"80":4,"81":4,"82":4,"83":4,"84":4,"85":4,"86":4,"87":4,"88":4,"89":4,"90":4,"91":4,"92":4,"93":4,"94":4,"95":4,"96":4,"97":4,"98":4,"99":4},"num_bars":{"0":131,"1":148,"2":78,"3":103,"4":105,"5":196,"6":87,"7":84,"8":140,"9":237,"10":120,"11":129,"12":108,"13":112,"14":123,"15":111,"16":87,"17":120,"18":173,"19":152,"20":103,"21":129,"22":74,"23":123,"24":87,"25":126,"26":76,"27":148,"28":141,"29":118,"30":80,"31":107,"32":52,"33":87,"34":90,"35":106,"36":132,"37":144,"38":71,"39":70,"40":126,"41":95,"42":169,"43":110,"44":111,"45":157,"46":91,"47":88,"48":127,"49":128,"50":137,"51":133,"52":132,"53":70,"54":89,"55":150,"56":78,"57":79,"58":105,"59":155,"60":112,"61":173,"62":124,"63":129,"64":159,"65":102,"66":75,"67":97,"68":110,"69":116,"70":97,"71":77,"72":67,"73":69,"74":92,"75":139,"76":80,"77":194,"78":66,"79":136,"80":114,"81":114,"82":66,"83":110,"84":88,"85":54,"86":119,"87":46,"88":83,"89":175,"90":107,"91":125,"92":74,"93":56,"94":50,"95":68,"96":128,"97":92,"98":122,"99":116},"num_sections":{"0":11,"1":9,"2":9,"3":6,"4":7,"5":10,"6":5,"7":8,"8":12,"9":23,"10":16,"11":16,"12":7,"13":9,"14":12,"15":12,"16":9,"17":11,"18":11,"19":10,"20":9,"21":13,"22":6,"23":10,"24":9,"25":9,"26":13,"27":15,"28":11,"29":9,"30":8,"31":14,"32":7,"33":10,"34":9,"35":8,"36":12,"37":12,"38":4,"39":7,"40":9,"41":7,"42":10,"43":10,"44":10,"45":17,"46":7,"47":8,"48":7,"49":10,"50":13,"51":12,"52":13,"53":7,"54":10,"55":9,"56":7,"57":8,"58":9,"59":9,"60":8,"61":14,"62":10,"63":10,"64":8,"65":14,"66":9,"67":8,"68":12,"69":9,"70":14,"71":6,"72":9,"73":9,"74":8,"75":11,"76":6,"77":11,"78":6,"79":5,"80":10,"81":9,"82":8,"83":9,"84":11,"85":8,"86":11,"87":9,"88":7,"89":15,"90":6,"91":10,"92":7,"93":6,"94":8,"95":9,"96":6,"97":10,"98":10,"99":12},"num_segments":{"0":804,"1":932,"2":1057,"3":791,"4":512,"5":833,"6":604,"7":783,"8":911,"9":1869,"10":1182,"11":854,"12":682,"13":859,"14":823,"15":532,"16":657,"17":828,"18":796,"19":1305,"20":612,"21":829,"22":672,"23":938,"24":407,"25":663,"26":948,"27":987,"28":998,"29":617,"30":494,"31":993,"32":534,"33":663,"34":599,"35":885,"36":865,"37":719,"38":511,"39":787,"40":665,"41":685,"42":847,"43":821,"44":588,"45":1407,"46":425,"47":614,"48":968,"49":967,"50":703,"51":952,"52":955,"53":579,"54":664,"55":729,"56":551,"57":677,"58":797,"59":775,"60":837,"61":1171,"62":706,"63":821,"64":907,"65":896,"66":704,"67":666,"68":982,"69":765,"70":1216,"71":481,"72":832,"73":709,"74":921,"75":892,"76":621,"77":897,"78":686,"79":783,"80":849,"81":847,"82":568,"83":570,"84":975,"85":457,"86":877,"87":401,"88":637,"89":1195,"90":796,"91":757,"92":741,"93":543,"94":689,"95":841,"96":625,"97":778,"98":705,"99":906},"class":{"0":0,"1":0,"2":0,"3":0,"4":0,"5":0,"6":0,"7":0,"8":0,"9":0,"10":0,"11":0,"12":0,"13":0,"14":0,"15":0,"16":0,"17":0,"18":0,"19":0,"20":0,"21":0,"22":0,"23":0,"24":0,"25":0,"26":0,"27":0,"28":0,"29":0,"30":0,"31":0,"32":0,"33":0,"34":0,"35":0,"36":0,"37":0,"38":0,"39":0,"40":0,"41":0,"42":0,"43":0,"44":0,"45":0,"46":0,"47":0,"48":0,"49":0,"50":0,"51":0,"52":0,"53":0,"54":0,"55":0,"56":0,"57":0,"58":0,"59":0,"60":0,"61":0,"62":0,"63":0,"64":0,"65":0,"66":0,"67":0,"68":0,"69":0,"70":0,"71":0,"72":0,"73":0,"74":0,"75":0,"76":0,"77":0,"78":0,"79":0,"80":0,"81":0,"82":0,"83":0,"84":0,"85":0,"86":0,"87":0,"88":0,"89":0,"90":0,"91":0,"92":0,"93":0,"94":0,"95":0,"96":0,"97":0,"98":0,"99":0}}