{"id":{"0":"3ncHgWHfco3gHe4BMoowcQ","1":"0OWZFobGSIW9GrSlQ9C5pc","2":"3g3JBolsBSWO6OJ0xZJGN2","3":"70XiqtQaqWuzFqD4PtXBbV","4":"498ZVInMGDkmmNVpSWqHiZ","5":"4l80KuUUICduXLJqwhCfB2","6":"7Erj78ODNzUx71KQ9q8aUL","7":"7iDa6hUg2VgEL1o1HjmfBn","8":"3GzKRcrUxAwwAYt47Of3N4","9":"2VIPU72L6tIR4w8J8ap6Kp","10":"2Ktqf6qq4JdYaYDjWmS1T7","11":"1uUW9fIeM7z3GBi2fRJxD5","12":"38gZVjeaeR3gcnCzziAxBm","13":"2FFifx7RRzlmDLW3e1m4rw","14":"1ApAM57j8vt2tWNIttYR13","15":"1N0j6Gw5lmfI7kipAgYcma","16":"3r8zXbAJfqt2NU8tdWWUtH","17":"5yBvZBMeg3zaXhqVk2JxDl","18":"6HdZquZOX4YcDlAP7GKD2A","19":"5f1TqIMM70qZIYVJBBB2k1","20":"0dbTQYW3Ad1FTzIA9t90E8","21":"2GGMabyHXnJmjY6CXhhB2e","22":"1vBeIXlzbAieGoDqInav5j","23":"3ClguHW7ndoVp2ARyXXi9M","24":"0AtI2TQdooXMLlpfimjSMW","25":"3qP5nPy0qh7iodfLMBsfbr","26":"6RWa3fCOR5QQrQ9A3Wd3KR","27":"4wFjTWCunQFKtukqrNijEt","28":"7JqGb8aS0hzcPisCmd4btW","29":"6bnFjTW3EnMG4BwreDnSHK","30":"2CEXhYY4cGmjyTyZJw7Wo0","31":"7eBqSVxrzQZtK2mmgRG6lC","32":"6RrXd9Hph4hYR4bf3dbM6H","33":"19dtAc7NdXbwdnfGEjok6k","34":"4T7cJdrTRqOBESPYfvfj2x","35":"2QcHIZFd5Meeroa1HB1L90","36":"0zRsGGueSQLRkYWs4kPA4V","37":"4itETlhUWW6GFzYZwEL8do","38":"6BJbOXDlgVAXSaq6wYFYT2","39":"48AdRWYbyZhCXryHxiGgVd","40":"6T5OKW5OIUDVVkUjGLSIWw","41":"0ibOcbkp2XG46Do8jcy0bL","42":"0n22yqkitWec0PV6tibWEO","43":"1QJvq84l7YcVCyIkGA602c","44":"6GaNtKuiLXMfNAXRMOjraa","45":"6yESq1llaLQJSbGVex6La8","46":"0bPnT6i9H1p8Vd85GS6Z7I","47":"3qn7FzYkDLJBbOnRwSsDWV","48":"5y2pNuAvWcPKiORZ12e44S","49":"0bcdbneljWqCMB5gNoZFDG","50":"6OaVWaGfhXn70ZJfdVcabn","51":"2lH5lV6f57sOiLimUoQ106","52":"2Xqd0wUttjueBfdcltADOv","53":"2MhppPQbaj2EqJUjIWZurg","54":"2xECSFHPgCyElhTVRaHVYP","55":"0OlS52TmtK2gPaEtdmr7DN","56":"67bavbnpfKL9hDlTxFcn8Z","57":"3L5cSHbf7oBWubuCwJbUGt","58":"3Ee6DIAcyueyz2wOe81vc3","59":"7hmAf3bxD3xRGj9pShrLlT","60":"4XbaC3Vwff2yeihTWJfsYu","61":"7LsAld1wdZSVk7gvtY1S94","62":"65rdw6vlQI4s4i6usBKHUd","63":"67co9ZN8NRGnB7tiaF8yen","64":"3zlqFHiuLAUra9MsJ85l4v","65":"1Xa0gIAsmt1vRlo2fXPZEr","66":"04yv0dtqVm9u745efIuxbZ","67":"7IPGagV51DJwK3g4s2S1ur","68":"4gB7HrYHbJVJ5RFOjxmoq4","69":"2TLDilmv1UmRTfyb7f2Hrx","70":"6IR7YWcDTPptYhEf70y7oq","71":"3ZsOmWgZeYIPjkIJNXP2qt","72":"6a2AjOTaVwpbSJoH13MZVa","73":"04iHyjuODvU57m4c5MdFv5","74":"4B8vU5oDXVxO5OkLAI4aLx","75":"6uQlc0WC4jGIJhIKCIfHJo","76":"0S674qD7nVFL0L7pHs6wUO","77":"2mYDDUkBcgFNBqkWctyyuc","78":"5jROdl6MhcmP3O7h2sVgtw","79":"3edzl4zvKFi0D3iuF6cs2f","80":"0S2QQT8Mi0DhbIn8k2fBWl","81":"2UB5xkPwY3Y2tVD0GbIccf","82":"1JrvWQDeMfk1EvbxYKTjRI","83":"7cbrvCI0I91vGThudRwkno","84":"3oUzSYnFmyttvknlY4reoq","85":"4f6Qi5EkTD7NDuZ6pF15h0","86":"6HoqS6yequspDHKXrqw42N","87":"6MRuNaMaH65vGyek33fXMV","88":"20dP2DaMHIAmwWAbp7peSr","89":"03fT3OHB9KyMtGMt2zwqCT","90":"5Z0Gjyykj0o7qpFrMVBUk2","91":"1ZAyjvIk9YiD76yYy0TEG6","92":"4DXguzI17cyQaPjggc7fZR","93":"5wmw9v1S0gbT16R66NNR7N","94":"7lMFAK8dv0QkWpIlZcWQlJ","95":"1ZpKyES3kDQwqamuPMmUqu","96":"39ujbBjTwwqUFySaCYDMMT","97":"4XLqwxFPH0CkUviSnfiUnE","98":"4E5xw6W7OdMeMZsWMNX3EP","99":"2DpJ9T2RVRanZcYFHKOAfA"},"title":{"0":"Mango","1":"Marry Me","2":"Masterpiece","3":"Masterpiece","4":"May We All","5":"Maybe I Might","6":"Maybe We Will","7":"Meant to Be (feat. Florida Georgia Line)","8":"Memory Won't Let Me","9":"Mercy","10":"MGNO","11":"Mi Mami","12":"Middle of a Memory","13":"Midnight Lovers","14":"Mind Blow","15":"Mind Reader","16":"Mischief On My Mind","17":"Miss Me Memphis","18":"Miss Me More","19":"Modern Misery","20":"Mona Lisa (feat. Kendrick Lamar)","21":"Money","22":"Money Bag","23":"More","24":"More","25":"More Girls Like You","26":"MoshPit (feat. Juice WRLD)","27":"MotorSport","28":"The Moulin Rouge Theme","29":"Mr. Blue","30":"Murda (feat. Trippie Redd)","31":"Murder On My Mind","32":"My Girl","33":"My Happiness","34":"My Jeans (Lil Baby & Gunna feat. Young Thug)","35":"My Own Grave","36":"Naah","37":"Nameless","38":"NC-17","39":"Need To Breathe","40":"Nekketsu","41":"Nephew (feat. Lil Pump)","42":"Nervous (feat. Lil Baby, Jay Critch & Rich the Kid)","43":"Never Comin Down","44":"New Direction","45":"New Year Mix 2018 - DJ Kiran Kamath","46":"Night Shift","47":"Night Train","48":"Night's On Fire","49":"Ninety-Nine Ways","50":"NO BYSTANDERS","51":"No Less Violent","52":"No Limit","53":"No Masters","54":"No More","55":"No Such Thing as a Broken Heart","56":"Nothing but You","57":"Nothing To Do Town","58":"Now (feat. 21 Savage)","59":"Off Deez (with J. Cole)","60":"OKAY (feat. Future)","61":"The Old Me","62":"Olivia Mae","63":"On Fleek","64":"On My Side","65":"On My Way to You","66":"On The Run (feat. Offset)","67":"One Last Chance","68":"One Number Away","69":"One That Got Away","70":"Only Because","71":"Only Sixteen - 2004 Remastered Version","72":"Oouuh","73":"Order","74":"out for the night - part 2","75":"Outside My Window","76":"Over It","77":"Overdue (with Travis Scott)","78":"Parachute","79":"PASS OUT (feat. 21 Savage)","80":"Passing Strangers","81":"Patakay","82":"Patient","83":"Peng","84":"Peng Moombahton Remix","85":"People Are Different","86":"The Perfect Nightmare","87":"Phone","88":"pick up the phone","89":"Play It Again","90":"Please Mr. Postman","91":"Plug Walk","92":"Poetry In Motion","93":"Prayed for You","94":"Prey","95":"The Price of Agony","96":"Proper Patola","97":"Puppy Love","98":"Put You Into Words","99":"Put Your Head On My Shoulder"},"danceability":{"0":0.469,"1":0.588,"2":0.532,"3":0.676,"4":0.488,"5":0.523,"6":0.583,"7":0.643,"8":0.591,"9":0.638,"10":0.594,"11":0.771,"12":0.531,"13":0.6,"14":0.891,"15":0.394,"16":0.761,"17":0.637,"18":0.644,"19":0.533,"20":0.855,"21":0.95,"22":0.947,"23":0.432,"24":0.322,"25":0.565,"26":0.769,"27":0.896,"28":0.092,"29":0.374,"30":0.691,"31":0.759,"32":0.572,"33":0.377,"34":0.624,"35":0.474,"36":0.715,"37":0.875,"38":0.804,"39":0.607,"40":0.562,"41":0.792,"42":0.68,"43":0.697,"44":0.718,"45":0.698,"46":0.628,"47":0.493,"48":0.54,"49":0.594,"50":0.731,"51":0.468,"52":0.838,"53":0.495,"54":0.53,"55":0.65,"56":0.59,"57":0.551,"58":0.968,"59":0.874,"60":0.793,"61":0.433,"62":0.515,"63":0.789,"64":0.48,"65":0.395,"66":0.964,"67":0.714,"68":0.544,"69":0.565,"70":0.599,"71":0.652,"72":0.762,"73":0.888,"74":0.593,"75":0.588,"76":0.374,"77":0.638,"78":0.642,"79":0.917,"80":0.279,"81":0.771,"82":0.664,"83":0.889,"84":0.691,"85":0.505,"86":0.279,"87":0.448,"88":0.711,"89":0.51,"90":0.797,"91":0.876,"92":0.488,"93":0.609,"94":0.27,"95":0.349,"96":0.77,"97":0.248,"98":0.461,"99":0.547},"energy":{"0":0.573,"1":0.408,"2":0.505,"3":0.49,"4":0.915,"5":0.833,"6":0.479,"7":0.783,"8":0.724,"9":0.367,"10":0.819,"11":0.757,"12":0.746,"13":0.879,"14":0.41,"15":0.8,"16":0.656,"17":0.863,"18":0.713,"19":0.971,"20":0.694,"21":0.59,"22":0.788,"23":0.796,"24":0.28,"25":0.734,"26":0.627,"27":0.515,"28":0.254,"29":0.0889,"30":0.566,"31":0.73,"32":0.418,"33":0.284,"34":0.72,"35":0.995,"36":0.863,"37":0.568,"38":0.763,"39":0.724,"40":0.961,"41":0.454,"42":0.732,"43":0.82,"44":0.858,"45":0.902,"46":0.757,"47":0.708,"48":0.776,"49":0.333,"50":0.811,"51":0.975,"52":0.771,"53":0.949,"54":0.988,"55":0.782,"56":0.889,"57":0.836,"58":0.353,"59":0.58,"60":0.775,"61":0.989,"62":0.677,"63":0.624,"64":0.953,"65":0.541,"66":0.502,"67":0.797,"68":0.781,"69":0.825,"70":0.274,"71":0.553,"72":0.738,"73":0.489,"74":0.632,"75":0.158,"76":0.971,"77":0.4,"78":0.762,"79":0.786,"80":0.315,"81":0.753,"82":0.745,"83":0.73,"84":0.806,"85":0.837,"86":0.99,"87":0.693,"88":0.739,"89":0.898,"90":0.581,"91":0.519,"92":0.712,"93":0.68,"94":0.964,"95":0.95,"96":0.824,"97":0.316,"98":0.836,"99":0.335},"key":{"0":8,"1":3,"2":1,"3":0,"4":7,"5":8,"6":4,"7":10,"8":6,"9":4,"10":1,"11":4,"12":11,"13":0,"14":10,"15":4,"16":0,"17":4,"18":9,"19":8,"20":2,"21":8,"22":10,"23":4,"24":4,"25":2,"26":7,"27":2,"28":7,"29":4,"30":4,"31":0,"32":0,"33":10,"34":11,"35":5,"36":2,"37":11,"38":2,"39":11,"40":1,"41":9,"42":10,"43":1,"44":8,"45":11,"46":7,"47":5,"48":4,"49":4,"50":1,"51":10,"52":1,"53":5,"54":7,"55":8,"56":11,"57":2,"58":6,"59":9,"60":5,"61":6,"62":11,"63":4,"64":1,"65":1,"66":0,"67":9,"68":6,"69":10,"70":0,"71":2,"72":5,"73":9,"74":6,"75":11,"76":11,"77":11,"78":6,"79":11,"80":1,"81":1,"82":1,"83":11,"84":4,"85":2,"86":6,"87":5,"88":7,"89":11,"90":2,"91":11,"92":8,"93":9,"94":6,"95":1,"96":1,"97":7,"98":2,"99":4},"loudness":{"0":-7.634,"1":-8.662,"2":-6.361,"3":-7.739,"4":-4.255,"5":-5.979,"6":-7.601,"7":-6.458,"8":-5.871,"9":-7.906,"10":-5.199,"11":-5.74,"12":-4.228,"13":-3.254,"14":-11.614,"15":-4.17,"16":-7.735,"17":-4.126,"18":-7.148,"19":-4.483,"20":-4.393,"21":-6.508,"22":-6.138,"23":-2.952,"24":-10.031,"25":-5.51,"26":-4.064,"27":-5.395,"28":-14.794,"29":-17.475,"30":-5.213,"31":-7.985,"32":-10.738,"33":-9.135,"34":-5.894,"35":-4.316,"36":-2.539,"37":-8.619,"38":-5.48,"39":-4.421,"40":-2.53,"41":-6.753,"42":-7.108,"43":-4.275,"44":-3.32,"45":-3.789,"46":-3.561,"47":-5.196,"48":-4.155,"49":-10.246,"50":-3.225,"51":-5.151,"52":-3.791,"53":-4.797,"54":-2.406,"55":-4.295,"56":-4.354,"57":-5.182,"58":-7.422,"59":-6.164,"60":-2.354,"61":-3.694,"62":-6.341,"63":-7.425,"64":-5.061,"65":-5.484,"66":-7.604,"67":-6.777,"68":-6.16,"69":-4.245,"70":-9.9,"71":-9.516,"72":-5.765,"73":-8.243,"74":-5.381,"75":-17.737,"76":-4.284,"77":-11.212,"78":-7.411,"79":-4.921,"80":-10.539,"81":-6.039,"82":-7.528,"83":-7.016,"84":-7.685,"85":-5.146,"86":-3.241,"87":-5.425,"88":-3.804,"89":-3.15,"90":-10.787,"91":-6.531,"92":-7.419,"93":-6.316,"94":-4.545,"95":-4.351,"96":-6.491,"97":-11.872,"98":-2.918,"99":-9.2},"mode":{"0":0,"1":1,"2":1,"3":1,"4":1,"5":0,"6":1,"7":1,"8":1,"9":1,"10":1,"11":0,"12":1,"13":1,"14":0,"15":0,"16":0,"17":1,"18":0,"19":0,"20":1,"21":0,"22":0,"23":0,"24":1,"25":1,"26":1,"27":1,"28":1,"29":1,"30":0,"31":0,"32":1,"33":1,"34":1,"35":0,"36":0,"37":0,"38":1,"39":1,"40":1,"41":1,"42":0,"43":1,"44":0,"45":0,"46":1,"47":1,"48":1,"49":1,"50":1,"51":0,"52":1,"53":0,"54":1,"55":1,"56":0,"57":1,"58":1,"59":1,"60":0,"61":1,"62":1,"63":1,"64":0,"65":1,"66":1,"67":0,"68":0,"69":1,"70":0,"71":1,"72":0,"73":1,"74":0,"75":1,"76":0,"77":0,"78":1,"79":0,"80":1,"81":0,"82":1,"83":0,"84":0,"85":1,"86":1,"87":0,"88":0,"89":1,"90":1,"91":1,"92":1,"93":1,"94":1,"95":0,"96":0,"97":1,"98":1,"99":0},"acousticness":{"0":0.335,"1":0.113,"2":0.34,"3":0.869,"4":0.0406,"5":0.254,"6":0.799,"7":0.047,"8":0.00744,"9":0.84,"10":0.00702,"11":0.444,"12":0.0972,"13":0.00445,"14":0.215,"15":0.0266,"16":0.142,"17":0.0384,"18":0.0144,"19":0.000363,"20":0.371,"21":0.00534,"22":0.107,"23":0.486,"24":0.732,"25":0.00701,"26":0.394,"27":0.0338,"28":0.661,"29":0.931,"30":0.28,"31":0.145,"32":0.635,"33":0.759,"34":0.118,"35":0.000109,"36":0.62,"37":0.0357,"38":0.0678,"39":0.00122,"40":0.0003,"41":0.00422,"42":0.235,"43":0.00928,"44":0.395,"45":0.0663,"46":0.113,"47":0.0575,"48":0.243,"49":0.873,"50":0.0204,"51":0.000309,"52":0.0117,"53":0.0000405,"54":0.000285,"55":0.295,"56":0.00478,"57":0.0249,"58":0.000209,"59":0.0021,"60":0.035,"61":0.0000463,"62":0.0515,"63":0.0161,"64":0.00000468,"65":0.319,"66":0.00383,"67":0.347,"68":0.00585,"69":0.00303,"70":0.845,"71":0.633,"72":0.457,"73":0.0339,"74":0.0133,"75":0.884,"76":0.0000769,"77":0.733,"78":0.00967,"79":0.0403,"80":0.813,"81":0.318,"82":0.00134,"83":0.0123,"84":0.00466,"85":0.17,"86":0.000396,"87":0.127,"88":0.114,"89":0.0832,"90":0.562,"91":0.202,"92":0.404,"93":0.0886,"94":0.0000328,"95":0.00000358,"96":0.485,"97":0.686,"98":0.0935,"99":0.747},"instrumentalness":{"0":0.0,"1":0.0,"2":0.0,"3":0.0,"4":0.0,"5":0.00000337,"6":0.0,"7":0.0,"8":0.0,"9":0.0,"10":0.0000113,"11":0.0016,"12":0.0,"13":0.0,"14":0.00000925,"15":0.0,"16":0.0,"17":0.00000114,"18":0.0,"19":0.000216,"20":0.0,"21":0.0,"22":0.000691,"23":0.0,"24":0.0,"25":0.0,"26":0.0,"27":0.0,"28":0.895,"29":0.00000688,"30":0.0,"31":0.00000306,"32":0.0,"33":0.0000021,"34":0.0,"35":0.00976,"36":0.0000632,"37":0.0,"38":0.0,"39":0.0,"40":0.0000455,"41":0.0,"42":0.000174,"43":0.000118,"44":0.0,"45":0.000256,"46":0.0,"47":0.0,"48":0.0,"49":0.00000154,"50":0.0,"51":0.0000203,"52":0.0,"53":0.00167,"54":0.0,"55":0.0,"56":0.0,"57":0.0000133,"58":0.00000248,"59":0.0,"60":0.0,"61":0.0000251,"62":0.00000108,"63":0.0000335,"64":0.0667,"65":0.0000303,"66":0.0,"67":0.0003,"68":0.0,"69":0.0,"70":0.0,"71":0.0,"72":0.0,"73":0.0,"74":0.0,"75":0.000648,"76":0.0,"77":0.000133,"78":0.0000572,"79":0.0,"80":0.0,"81":0.0,"82":0.0,"83":0.0,"84":0.00567,"85":0.0,"86":0.0281,"87":0.00000202,"88":0.0,"89":0.0,"90":0.0,"91":0.0,"92":0.0,"93":0.0,"94":0.0247,"95":0.0000113,"96":0.0,"97":0.0,"98":0.0,"99":0.0},"liveness":{"0":0.107,"1":0.13,"2":0.117,"3":0.104,"4":0.351,"5":0.178,"6":0.115,"7":0.083,"8":0.106,"9":0.0999,"10":0.0707,"11":0.102,"12":0.102,"13":0.0857,"14":0.103,"15":0.184,"16":0.104,"17":0.331,"18":0.0829,"19":0.15,"20":0.109,"21":0.11,"22":0.108,"23":0.355,"24":0.313,"25":0.081,"26":0.106,"27":0.317,"28":0.106,"29":0.111,"30":0.106,"31":0.11,"32":0.0961,"33":0.152,"34":0.54,"35":0.05,"36":0.0972,"37":0.113,"38":0.368,"39":0.329,"40":0.199,"41":0.285,"42":0.0705,"43":0.122,"44":0.228,"45":0.281,"46":0.263,"47":0.175,"48":0.378,"49":0.0949,"50":0.411,"51":0.0544,"52":0.0853,"53":0.328,"54":0.222,"55":0.107,"56":0.132,"57":0.222,"58":0.094,"59":0.11,"60":0.125,"61":0.623,"62":0.102,"63":0.307,"64":0.0805,"65":0.0857,"66":0.0874,"67":0.0934,"68":0.191,"69":0.0779,"70":0.0844,"71":0.362,"72":0.115,"73":0.0704,"74":0.64,"75":0.111,"76":0.322,"77":0.334,"78":0.182,"79":0.195,"80":0.153,"81":0.0835,"82":0.221,"83":0.114,"84":0.354,"85":0.113,"86":0.354,"87":0.0815,"88":0.226,"89":0.071,"90":0.291,"91":0.108,"92":0.0989,"93":0.108,"94":0.525,"95":0.0716,"96":0.318,"97":0.144,"98":0.263,"99":0.101},"valence":{"0":0.543,"1":0.484,"2":0.275,"3":0.554,"4":0.646,"5":0.642,"6":0.462,"7":0.579,"8":0.504,"9":0.219,"10":0.493,"11":0.451,"12":0.304,"13":0.466,"14":0.276,"15":0.525,"16":0.53,"17":0.39,"18":0.468,"19":0.344,"20":0.49,"21":0.219,"22":0.454,"23":0.563,"24":0.287,"25":0.604,"26":0.49,"27":0.174,"28":0.138,"29":0.211,"30":0.291,"31":0.74,"32":0.694,"33":0.313,"34":0.354,"35":0.0394,"36":0.828,"37":0.648,"38":0.0585,"39":0.596,"40":0.31,"41":0.674,"42":0.864,"43":0.815,"44":0.705,"45":0.756,"46":0.727,"47":0.547,"48":0.784,"49":0.677,"50":0.426,"51":0.461,"52":0.405,"53":0.501,"54":0.521,"55":0.944,"56":0.66,"57":0.911,"58":0.0971,"59":0.434,"60":0.232,"61":0.508,"62":0.491,"63":0.56,"64":0.268,"65":0.237,"66":0.551,"67":0.224,"68":0.527,"69":0.609,"70":0.462,"71":0.588,"72":0.797,"73":0.191,"74":0.0789,"75":0.472,"76":0.701,"77":0.495,"78":0.605,"79":0.441,"80":0.177,"81":0.623,"82":0.734,"83":0.6,"84":0.481,"85":0.623,"86":0.149,"87":0.55,"88":0.43,"89":0.596,"90":0.961,"91":0.158,"92":0.895,"93":0.561,"94":0.325,"95":0.401,"96":0.49,"97":0.543,"98":0.532,"99":0.474},"tempo":{"0":95.989,"1":85.008,"2":164.884,"3":85.088,"4":75.019,"5":148.091,"6":169.95,"7":154.084,"8":102.003,"9":71.957,"10":121.064,"11":189.943,"12":139.788,"13":118.037,"14":132.004,"15":162.053,"16":114.988,"17":110.026,"18":95.999,"19":115.978,"20":122.078,"21":130.003,"22":129.977,"23":183.935,"24":113.763,"25":74.991,"26":157.938,"27":138.016,"28":82.43,"29":96.677,"30":147.982,"31":115.007,"32":104.566,"33":107.939,"34":100.613,"35":125.025,"36":99.981,"37":140.082,"38":136.052,"39":116.993,"40":97.495,"41":161.993,"42":75.422,"43":94.995,"44":102.997,"45":102.053,"46":96.016,"47":158.037,"48":164.046,"49":125.341,"50":147.045,"51":91.99,"52":175.957,"53":95.959,"54":101.28,"55":171.988,"56":124.972,"57":147.954,"58":130.016,"59":85.5,"60":146.032,"61":87.442,"62":77.938,"63":147.99,"64":95.016,"65":80.365,"66":127.993,"67":104.95,"68":144.075,"69":160.003,"70":110.309,"71":114.484,"72":154.992,"73":139.069,"74":173.369,"75":105.659,"76":97.625,"77":150.133,"78":113.038,"79":143.038,"80":90.799,"81":133.346,"82":91.026,"83":102.963,"84":103.071,"85":140.066,"86":103.842,"87":91.561,"88":136.919,"89":144.056,"90":121.426,"91":94.981,"92":135.201,"93":140.013,"94":99.731,"95":187.955,"96":172.006,"97":166.195,"98":158.222,"99":115.838},"duration_ms":{"0":174576,"1":205453,"2":247680,"3":170560,"4":226173,"5":174688,"6":189485,"7":163870,"8":211547,"9":217120,"10":201013,"11":185684,"12":226307,"13":227055,"14":190909,"15":185413,"16":267136,"17":205987,"18":192840,"19":253440,"20":324189,"21":183527,"22":229005,"23":212120,"24":138680,"25":154320,"26":164038,"27":303077,"28":169733,"29":145133,"30":183682,"31":268434,"32":165000,"33":148400,"34":196448,"35":253318,"36":190000,"37":185267,"38":156886,"39":159147,"40":191747,"41":202963,"42":230408,"43":214096,"44":240000,"45":212353,"46":172253,"47":232307,"48":189733,"49":107833,"50":218284,"51":209720,"52":245387,"53":233095,"54":232640,"55":176893,"56":190040,"57":185413,"58":206773,"59":213358,"60":151290,"61":189600,"62":222320,"63":166217,"64":244387,"65":213305,"66":263933,"67":208000,"68":221800,"69":218733,"70":173627,"71":136093,"72":167227,"73":183532,"74":235232,"75":128867,"76":227864,"77":166093,"78":253200,"79":224903,"80":157640,"81":237750,"82":171403,"83":159612,"84":144466,"85":214213,"86":238267,"87":212928,"88":252256,"89":226867,"90":148867,"91":175230,"92":154467,"93":211547,"94":255231,"95":287999,"96":178605,"97":164533,"98":202229,"99":154733},"time_signature":{"0":4,"1":4,"2":3,"3":4,"4":4,"5":4,"6":4,"7":4,"8":4,"9":4,"10":4,"11":4,"12":4,"13":4,"14":4,"15":4,"16":4,"17":4,"18":4,"19":4,"20":4,"21":4,"22":4,"23":4,"24":3,"25":4,"26":4,"27":4,"28":3,"29":4,"30":4,"31":4,"32":4,"33":4,"34":5,"35":4,"36":4,"37":4,"38":4,"39":4,"40":4,"41":4,"42":4,"43":4,"44":4,"45":4,"46":4,"47":4,"48":4,"49":4,"50":4,"51":4,"52":4,"53":4,"54":3,"55":4,"56":4,"57":4,"58":4,"59":4,"60":4,"61":4,"62":4,"63":4,"64":4,"65":4,"66":4,"67":4,"68":4,"69":4,"70":3,"71":4,"72":4,"73":4,"74":4,"75":4,"76":4,"77":4,"78":4,"79":4,"80":4,"81":5,"82":4,"83":4,"84":4,"85":4,"86":4,"87":4,"88":4,"89":4,"90":4,"91":4,"92":4,"93":4,"94":3,"95":4,"96":4,"97":5,"98":4,"99":3},"num_bars":{"0":74,"1":70,"2":219,"3":57,"4":67,"5":105,"6":129,"7":103,"8":88,"9":62,"10":98,"11":144,"12":129,"13":109,"14":105,"15":121,"16":127,"17":90,"18":76,"19":119,"20":166,"21":97,"22":123,"23":159,"24":83,"25":47,"26":109,"27":173,"28":76,"29":56,"30":112,"31":126,"32":70,"33":58,"34":82,"35":130,"36":78,"37":104,"38":88,"39":76,"40":75,"41":136,"42":72,"43":84,"44":102,"45":87,"46":66,"47":150,"48":129,"49":54,"50":136,"51":80,"52":177,"53":93,"54":128,"55":126,"56":97,"57":111,"58":111,"59":74,"60":89,"61":68,"62":71,"63":100,"64":96,"65":71,"66":141,"67":89,"68":131,"69":145,"70":101,"71":62,"72":105,"73":104,"74":146,"75":55,"76":89,"77":104,"78":115,"79":133,"80":57,"81":131,"82":64,"83":67,"84":61,"85":124,"86":94,"87":79,"88":144,"89":130,"90":74,"91":68,"92":86,"93":117,"94":147,"95":226,"96":126,"97":108,"98":130,"99":96},"num_sections":{"0":8,"1":7,"2":12,"3":7,"4":9,"5":8,"6":11,"7":7,"8":12,"9":11,"10":9,"11":11,"12":5,"13":7,"14":11,"15":6,"16":13,"17":7,"18":9,"19":8,"20":14,"21":9,"22":12,"23":9,"24":8,"25":6,"26":7,"27":14,"28":8,"29":8,"30":8,"31":11,"32":6,"33":7,"34":11,"35":10,"36":11,"37":12,"38":7,"39":9,"40":6,"41":8,"42":11,"43":8,"44":13,"45":11,"46":9,"47":10,"48":9,"49":5,"50":13,"51":8,"52":12,"53":11,"54":8,"55":9,"56":9,"57":7,"58":6,"59":8,"60":8,"61":7,"62":7,"63":10,"64":8,"65":9,"66":12,"67":9,"68":7,"69":12,"70":9,"71":7,"72":8,"73":10,"74":7,"75":5,"76":8,"77":10,"78":11,"79":12,"80":9,"81":15,"82":9,"83":10,"84":7,"85":7,"86":9,"87":9,"88":14,"89":9,"90":6,"91":9,"92":7,"93":9,"94":9,"95":12,"96":11,"97":9,"98":9,"99":8},"num_segments":{"0":684,"1":637,"2":690,"3":683,"4":765,"5":626,"6":584,"7":588,"8":803,"9":560,"10":769,"11":896,"12":675,"13":818,"14":759,"15":585,"16":1119,"17":659,"18":749,"19":785,"20":1573,"21":736,"22":911,"23":755,"24":375,"25":485,"26":666,"27":1267,"28":532,"29":449,"30":678,"31":1039,"32":503,"33":443,"34":760,"35":959,"36":868,"37":697,"38":578,"39":524,"40":703,"41":960,"42":1165,"43":859,"44":1033,"45":1032,"46":491,"47":672,"48":658,"49":297,"50":884,"51":750,"52":1023,"53":781,"54":950,"55":684,"56":700,"57":710,"58":791,"59":1119,"60":653,"61":743,"62":698,"63":660,"64":966,"65":628,"66":1131,"67":859,"68":733,"69":779,"70":496,"71":486,"72":709,"73":750,"74":932,"75":435,"76":953,"77":685,"78":890,"79":984,"80":513,"81":1072,"82":696,"83":673,"84":650,"85":739,"86":743,"87":908,"88":1081,"89":739,"90":535,"91":652,"92":494,"93":700,"94":1014,"95":1062,"96":809,"97":505,"98":647,"99":473},"class":{"0":0,"1":0,"2":0,"3":0,"4":0,"5":0,"6":0,"7":0,"8":0,"9":0,"10":0,"11":0,"12":0,"13":0,"14":0,"15":0,"16":0,"17":0,"18":0,"19":0,"20":0,"21":0,"22":0,"23":0,"24":0,"25":0,"26":0,"27":0,"28":0,"29":0,"30":0,"31":0,"32":0,"33":0,"34":0,"35":0,"36":0,"37":0,"38":0,"39":0,"40":0,"41":0,"42":0,"43":0,"44":0,"45":0,"46":0,"47":0,"48":0,"49":0,"50":0,"51":0,"52":0,"53":0,"54":0,"55":0,"56":0,"57":0,"58":0,"59":0,"60":0,"61":0,"62":0,"63":0,"64":0,"65":0,"66":0,"67":0,"68":0,"69":0,"70":0,"71":0,"72":0,"73":0,"74":0,"75":0,"76":0,"77":0,"78":0,"79":0,"80":0,"81":0,"82":0,"83":0,"84":0,"85":0,"86":0,"87":0,"88":0,"89":0,"90":0,"91":0,"92":0,"93":0,"94":0,"95":0,"96":0,"97":0,"98":0,"99":0}}