{"id":{"0":"0XTRycTWH8TR2xBEjwByNS","1":"2JZKXgq5zsokN01KWyiY6n","2":"34ceTg8ChN5HjrqiIYCn9Q","3":"1XgG1F88CwsbnXZGX2hlUG","4":"6c3Jxxb5AhCfGkPKfIJ0EJ","5":"2Xaw1RrXP3mdooKWysuRJ8","6":"6lM6yIDZ7kxFsgQCCfaLE2","7":"4WgvTITBJbEfCJHguiE7QS","8":"4vc26Z4QbHHf31ke9TyH0C","9":"4vuJuTLFomqItDrn482nzV","10":"7LcfRTgAVTs5pQGEQgUEzN","11":"0eGsygTp906u18L0Oimnem","12":"1hrZVbWwU6v4WAjOjv0xGo","13":"7xlIrLvCs7digqxVI3LKMM","14":"0QMQqnlsgZIz2RouSsNuCR","15":"0gJuzd44IqrWaPMJ7z9O0k","16":"13X42np3KJr0o2LkK1MG76","17":"3oMl4dLrfAFX8Hlpx1EwcM","18":"6hy6hhwZkNo1UlKhip8QK3","19":"5BIjJP1zlOa3iY65RSkXkr","20":"6cC9RY7MoUx5z3aHjDTNI6","21":"3CA9pLiwRIGtUBiMjbZmRw","22":"0qVmnY53N0Qkb9YdOy4owI","23":"0HiGGdspUxwpWYFhbMKRdP","24":"7KlTFTpy7dXLzr2NtLkvG6","25":"5BuiZmp7H6hoUN5Fw2lUIp","26":"0bAEQpV9IJQ5on41dWvyLd","27":"0kO3njY9N1Rxgv27Ha1lLh","28":"7yJdeVvlKJymNGZWaITgUi","29":"4sa8O4AwMja6r1Enu35Fmz","30":"1ZgfAxHQCXLt8o1VXEHHAt","31":"5tpCm43Zfettdw9n8TE7zQ","32":"6KuHjfXHkfnIjdmcIvt9r0","33":"6hjvQTrIkCc8gAX4BfSJjn","34":"7ef4DlsgrMEH11cDZd32M6","35":"423oRmTgCWl8nF9Oac1fvA","36":"0ijhkvBpA7OBlY4clWSUZw","37":"60NXuYborLfMiTPJMcxkM5","38":"41r0BLWVIdo7CaKowcUDgM","39":"4fjmWElZlp7HU7t3Y7FjGS","40":"1d19N90m2tOKumtv764HW6","41":"4qWCFTuNnmGNdY4egtb4ZY","42":"6Hgh47WXVKtXN5zGOu0hjI","43":"7MmG8p0F9N3C4AXdK6o6Eb","44":"3y7ByLZ05tluscOTRgEJ9Y","45":"5NglxmxSK6BKlV0A1G5NBf","46":"3Wjx1Y9YO3RNZHxuimXZQG","47":"6nek1Nin9q48AVZcWs9e9D","48":"01dmH2IPkrLNWIMPNXlreE","49":"15vzANxN8G9wWfwAJLLMCg","50":"07QVQSgnAbghcYVgM3sGgG","51":"1S3KcfF8taTlNT8pRy2YzO","52":"3E7dfMvvCLUddWissuqMwr","53":"4L6BXnGCdCVKY81qSmhRpG","54":"2a9G2aCP17Qse5iVwxGMnI","55":"1LmN9SSHISbtp9LoaR5ZVJ","56":"1oI9oNqX6STf5q9KSUG6kA","57":"5cTK6uMbMoSHuT8YUlmQSl","58":"0tgVpDi06FyKpA1z0VMD4v","59":"1GwOSd7eqBJ1xfpiYfXMcY","60":"1I6pKIyaBp4OebTGLJpCCC","61":"49dRUq72ysRZez359wJTZB","62":"0ffweDHrg4bZqdG4IfGYuo","63":"5ANbXf5qR48a4jfFnSq80w","64":"1uigwk5hNV84zRd5YQQRTk","65":"0le79px2kIBXQDxUe8ZUGP","66":"0aFeteSHWKioy7zaHEPRp4","67":"1TrtQJJTizNFvts5Gln6uW","68":"3gbBpTdY8lnQwqxNCcf795","69":"2p980qlVXYLh3HdHusbhfa","70":"53YZi9zgTnF0Py0K6ejyWz","71":"75kMrDKPJJpgEQaXVh7QMB","72":"65NwOZqoXny4JxqAPlfxRF","73":"3yGU3ZtRkb4Zij8IWBhNiK","74":"5bWWSN2wVv4fVUZiIrZL5q","75":"58rFzMvW9kxNwMtGTgBQoP","76":"4C9UQIW2WBbDZVcFWr4mLK","77":"6or1bKJiZ06IlK0vFvY75k","78":"4xjVP2Vogo0C72o6Nevq0W","79":"39yDIZ5WpcwkFyjpO8SN1d","80":"2r5oD7twaQTsv5KoRS6v16","81":"1H2qNVjNn13tlpKv6MtiYn","82":"4x3SQvTgvqSTU3nOL1urZh","83":"7KP2vFrG0EZA34Z6CRJklp","84":"72bSRwoEHrQQkRB22lnOE0","85":"5vlEg2fT4cFWAqU5QptIpQ","86":"3oqYMRKQcwyNmFn1VD2ukD","87":"14XWXWv5FoCbFzLksawpEe","88":"3JvrhDOgAt6p7K8mDyZwRd","89":"6F5c58TMEs1byxUstkzVeM","90":"1OmcAT5Y8eg5bUPv9qJT4R","91":"172X5Sg5i1GDQXMdF1lWDB","92":"6F0ky02XB2sZsiMl2tVuxm","93":"0pIvv7PZvKixLzC8EMxcq8","94":"3CVeGXpoPKJQ9JuhPp3mpL","95":"6pLhhL7EzoVWoyvyTBjqP6","96":"3vAncbML0jhNrp63DKhsCo","97":"2dLLR6qlu5UJ5gk0dKz0h3","98":"3x7giNzMoPsP8qB5IUG5yp","99":"22iz04Hw1tz0NBpiyoEMT1"},"title":{"0":"Mindfulness","1":"Mirrors","2":"Miss Independent","3":"Missing Her","4":"mochus","5":"Monster","6":"Monster","7":"The Monster","8":"morning rises","9":"Move","10":"Moves Like Jagger - Studio Recording From The Voice Performance","11":"Mr. Brightside","12":"Mr.Mr.","13":"Must Get Out","14":"Mutiny","15":"My Last (feat. \ub85c\uaf2c Loco & Gray)","16":"My Love","17":"My Own Hymn","18":"Nehslyg","19":"Nevada (feat. Cozi Zuehlsdorff)","20":"Never Let Me Go","21":"Nice For What","22":"none","23":"Northern Soul","24":"Not Today","25":"Nothing Stopping Me (feat. Kat Nestel)","26":"Now Or Never - Original Mix","27":"Numb","28":"Nxt2u","29":"Oasis","30":"Oh NaNa (Hidden. HUR YOUNG JI)","31":"Oh!","32":"On Top Of The World","33":"One Day","34":"One Kiss (with Dua Lipa)","35":"One More Night","36":"One More Time - Short Radio Edit","37":"Only One","38":"OOH-AHH\ud558\uac8c Like OOH-AHH","39":"oolong","40":"orion","41":"Otherside","42":"OTW","43":"Outside","44":"Palette (Feat. G-DRAGON)","45":"PARADISE","46":"Paradise","47":"Paradise","48":"Paradise","49":"Paris","50":"park walk","51":"PARTY","52":"Party In The U.S.A.","53":"A Pasito","54":"paula vanukas","55":"Payphone","56":"Peace of Mind","57":"Pen Anubis","58":"Perfect","59":"Perfectionism","60":"Perm","61":"Phase","62":"Pied Piper","63":"PLAYING WITH FIRE","64":"Pocketful of Sunshine","65":"Poker Face","66":"polarbeer","67":"polaroid","68":"Pompeii","69":"Pour Up","70":"Power","71":"Pray to God","72":"Psycho (feat. Ty Dolla $ign)","73":"Pure","74":"Purple Gusher","75":"Radioactive","76":"Rain","77":"Rap God","78":"RBB (Really Bad Boy)","79":"Real Slow","80":"Really","81":"REALLY REALLY","82":"The Reason","83":"Red Light","84":"Remember","85":"Replay","86":"Revolution Radio","87":"Riders On The Storm","88":"Riptide","89":"Roar","90":"rockstar","91":"Rose Garden","92":"Rosewood","93":"Rotom","94":"Rough","95":"Round And Round","96":"Round and round (feat. Han Suji)","97":"Royals","98":"Rum","99":"RUMOR"},"danceability":{"0":0.666,"1":0.574,"2":0.673,"3":0.687,"4":0.667,"5":0.472,"6":0.618,"7":0.781,"8":0.569,"9":0.638,"10":0.722,"11":0.351,"12":0.701,"13":0.749,"14":0.726,"15":0.655,"16":0.771,"17":0.571,"18":0.762,"19":0.605,"20":0.47,"21":0.586,"22":0.551,"23":0.513,"24":0.594,"25":0.601,"26":0.528,"27":0.496,"28":0.574,"29":0.457,"30":0.756,"31":0.768,"32":0.635,"33":0.668,"34":0.791,"35":0.718,"36":0.648,"37":0.364,"38":0.72,"39":0.502,"40":0.808,"41":0.645,"42":0.652,"43":0.646,"44":0.804,"45":0.729,"46":0.784,"47":0.449,"48":0.519,"49":0.646,"50":0.72,"51":0.753,"52":0.652,"53":0.852,"54":0.797,"55":0.739,"56":0.478,"57":0.692,"58":0.599,"59":0.495,"60":0.853,"61":0.706,"62":0.583,"63":0.707,"64":0.721,"65":0.851,"66":0.714,"67":0.505,"68":0.679,"69":0.886,"70":0.657,"71":0.606,"72":0.74,"73":0.677,"74":0.656,"75":0.448,"76":0.567,"77":0.708,"78":0.719,"79":0.623,"80":0.695,"81":0.765,"82":0.473,"83":0.623,"84":0.437,"85":0.706,"86":0.419,"87":0.549,"88":0.484,"89":0.554,"90":0.58,"91":0.646,"92":0.561,"93":0.812,"94":0.613,"95":0.455,"96":0.603,"97":0.616,"98":0.492,"99":0.726},"energy":{"0":0.252,"1":0.512,"2":0.683,"3":0.307,"4":0.516,"5":0.774,"6":0.76,"7":0.853,"8":0.254,"9":0.819,"10":0.758,"11":0.928,"12":0.964,"13":0.531,"14":0.348,"15":0.892,"16":0.676,"17":0.646,"18":0.286,"19":0.783,"20":0.742,"21":0.909,"22":0.349,"23":0.614,"24":0.946,"25":0.801,"26":0.848,"27":0.863,"28":0.26,"29":0.818,"30":0.922,"31":0.947,"32":0.926,"33":0.69,"34":0.862,"35":0.82,"36":0.671,"37":0.748,"38":0.876,"39":0.162,"40":0.254,"41":0.657,"42":0.678,"43":0.823,"44":0.68,"45":0.696,"46":0.803,"47":0.585,"48":0.828,"49":0.644,"50":0.146,"51":0.887,"52":0.698,"53":0.0763,"54":0.19,"55":0.756,"56":0.497,"57":0.353,"58":0.448,"59":0.476,"60":0.871,"61":0.528,"62":0.712,"63":0.758,"64":0.88,"65":0.806,"66":0.117,"67":0.148,"68":0.715,"69":0.493,"70":0.943,"71":0.949,"72":0.558,"73":0.163,"74":0.878,"75":0.784,"76":0.687,"77":0.843,"78":0.85,"79":0.836,"80":0.881,"81":0.769,"82":0.643,"83":0.924,"84":0.173,"85":0.751,"86":0.971,"87":0.722,"88":0.731,"89":0.772,"90":0.531,"91":0.628,"92":0.364,"93":0.0175,"94":0.912,"95":0.858,"96":0.688,"97":0.432,"98":0.201,"99":0.758},"key":{"0":3,"1":5,"2":1,"3":11,"4":11,"5":3,"6":6,"7":1,"8":1,"9":10,"10":11,"11":1,"12":4,"13":7,"14":10,"15":7,"16":4,"17":9,"18":4,"19":3,"20":9,"21":8,"22":3,"23":5,"24":8,"25":5,"26":6,"27":9,"28":7,"29":4,"30":1,"31":5,"32":0,"33":5,"34":9,"35":5,"36":2,"37":9,"38":6,"39":2,"40":5,"41":9,"42":2,"43":2,"44":0,"45":6,"46":1,"47":5,"48":5,"49":2,"50":3,"51":10,"52":10,"53":11,"54":6,"55":4,"56":5,"57":6,"58":8,"59":1,"60":8,"61":5,"62":2,"63":4,"64":9,"65":4,"66":0,"67":5,"68":9,"69":5,"70":7,"71":7,"72":8,"73":10,"74":9,"75":9,"76":8,"77":7,"78":2,"79":11,"80":1,"81":2,"82":4,"83":7,"84":3,"85":9,"86":7,"87":11,"88":1,"89":7,"90":5,"91":5,"92":10,"93":11,"94":8,"95":0,"96":0,"97":7,"98":1,"99":8},"loudness":{"0":-11.555,"1":-6.664,"2":-5.693,"3":-6.31,"4":-14.616,"5":-5.383,"6":-4.312,"7":-3.68,"8":-18.134,"9":-4.991,"10":-4.477,"11":-3.71,"12":-2.037,"13":-6.636,"14":-13.878,"15":-3.996,"16":-6.018,"17":-8.668,"18":-9.842,"19":-4.271,"20":-3.243,"21":-6.474,"22":-10.762,"23":-11.07,"24":-3.408,"25":-2.425,"26":-4.242,"27":-4.153,"28":-13.548,"29":-4.157,"30":-2.683,"31":-4.24,"32":-5.589,"33":-4.807,"34":-3.24,"35":-3.453,"36":-8.49,"37":-4.279,"38":-1.166,"39":-12.649,"40":-9.656,"41":-5.688,"42":-6.183,"43":-4.123,"44":-3.81,"45":-6.742,"46":-3.608,"47":-6.762,"48":-5.523,"49":-6.763,"50":-8.361,"51":-2.975,"52":-4.667,"53":-14.561,"54":-9.952,"55":-4.828,"56":-6.139,"57":-9.236,"58":-6.312,"59":-10.735,"60":-3.715,"61":-10.493,"62":-4.942,"63":-4.511,"64":-3.896,"65":-4.618,"66":-12.523,"67":-12.594,"68":-6.383,"69":-5.584,"70":-3.031,"71":-2.749,"72":-8.115,"73":-12.343,"74":-4.678,"75":-3.686,"76":-3.269,"77":-2.66,"78":-3.229,"79":-5.035,"80":-2.082,"81":-3.16,"82":-4.67,"83":-3.162,"84":-13.479,"85":-6.323,"86":-3.622,"87":-11.729,"88":-6.694,"89":-4.821,"90":-6.631,"91":-12.257,"92":-10.767,"93":-14.177,"94":-2.464,"95":-4.221,"96":-5.13,"97":-9.546,"98":-9.603,"99":-3.343},"mode":{"0":0,"1":0,"2":1,"3":0,"4":0,"5":1,"6":1,"7":0,"8":0,"9":0,"10":0,"11":1,"12":0,"13":1,"14":0,"15":1,"16":0,"17":0,"18":0,"19":1,"20":1,"21":1,"22":1,"23":0,"24":1,"25":1,"26":0,"27":1,"28":0,"29":0,"30":1,"31":1,"32":1,"33":1,"34":0,"35":0,"36":1,"37":1,"38":1,"39":1,"40":0,"41":0,"42":1,"43":0,"44":1,"45":1,"46":1,"47":1,"48":1,"49":1,"50":1,"51":0,"52":0,"53":0,"54":1,"55":1,"56":1,"57":1,"58":1,"59":0,"60":1,"61":0,"62":0,"63":0,"64":0,"65":1,"66":1,"67":0,"68":1,"69":0,"70":1,"71":0,"72":1,"73":0,"74":1,"75":1,"76":1,"77":1,"78":1,"79":0,"80":1,"81":1,"82":1,"83":1,"84":0,"85":1,"86":1,"87":0,"88":1,"89":0,"90":0,"91":1,"92":1,"93":1,"94":1,"95":0,"96":0,"97":1,"98":0,"99":1},"acousticness":{"0":0.534,"1":0.234,"2":0.522,"3":0.565,"4":0.517,"5":0.167,"6":0.0066,"7":0.0525,"8":0.697,"9":0.0177,"10":0.0111,"11":0.00113,"12":0.114,"13":0.0549,"14":0.725,"15":0.061,"16":0.285,"17":0.179,"18":0.9,"19":0.299,"20":0.287,"21":0.0891,"22":0.902,"23":0.027,"24":0.00181,"25":0.139,"26":0.0341,"27":0.0046,"28":0.913,"29":0.221,"30":0.0615,"31":0.0222,"32":0.0893,"33":0.136,"34":0.037,"35":0.0444,"36":0.0348,"37":0.137,"38":0.241,"39":0.824,"40":0.859,"41":0.354,"42":0.183,"43":0.213,"44":0.458,"45":0.198,"46":0.0976,"47":0.0522,"48":0.214,"49":0.0243,"50":0.94,"51":0.111,"52":0.00112,"53":0.768,"54":0.243,"55":0.0136,"56":0.122,"57":0.56,"58":0.163,"59":0.116,"60":0.0145,"61":0.0706,"62":0.2,"63":0.0399,"64":0.191,"65":0.12,"66":0.311,"67":0.681,"68":0.0755,"69":0.105,"70":0.0315,"71":0.015,"72":0.566,"73":0.663,"74":0.142,"75":0.106,"76":0.538,"77":0.397,"78":0.012,"79":0.111,"80":0.0234,"81":0.167,"82":0.0134,"83":0.000457,"84":0.783,"85":0.173,"86":0.0000463,"87":0.25,"88":0.431,"89":0.00487,"90":0.128,"91":0.575,"92":0.782,"93":0.904,"94":0.152,"95":0.00262,"96":0.757,"97":0.106,"98":0.471,"99":0.0488},"instrumentalness":{"0":0.692,"1":0.0,"2":0.0,"3":0.0839,"4":0.13,"5":0.000278,"6":0.0,"7":0.0,"8":0.843,"9":0.0,"10":0.0,"11":0.0,"12":0.00000934,"13":0.0,"14":0.866,"15":0.0,"16":0.00000449,"17":0.000444,"18":0.901,"19":0.000175,"20":0.00000257,"21":0.000109,"22":0.0,"23":0.00000348,"24":0.00000104,"25":0.0,"26":0.0217,"27":0.0,"28":0.965,"29":0.0,"30":0.000462,"31":0.00000244,"32":0.00000453,"33":0.0,"34":0.0000219,"35":0.0,"36":0.0,"37":0.0,"38":0.000101,"39":0.158,"40":0.575,"41":0.00000517,"42":0.0000326,"43":0.0,"44":0.0,"45":0.0,"46":0.0,"47":0.0000849,"48":0.0,"49":0.0,"50":0.904,"51":0.0000143,"52":0.000115,"53":0.861,"54":0.634,"55":0.0,"56":0.00000145,"57":0.775,"58":0.0,"59":0.841,"60":0.0000684,"61":0.86,"62":0.0,"63":0.0,"64":0.0,"65":0.00000139,"66":0.434,"67":0.926,"68":0.0,"69":0.0,"70":0.0,"71":0.0000276,"72":0.0,"73":0.904,"74":0.15,"75":0.000108,"76":0.0000129,"77":0.0,"78":0.000239,"79":0.0119,"80":0.0,"81":0.0,"82":0.0,"83":0.00013,"84":0.893,"85":0.0,"86":0.0000143,"87":0.0138,"88":0.0,"89":0.0000066,"90":0.000127,"91":0.756,"92":0.847,"93":0.893,"94":0.0,"95":0.0,"96":0.23,"97":0.0,"98":0.829,"99":0.0},"liveness":{"0":0.121,"1":0.0946,"2":0.235,"3":0.575,"4":0.117,"5":0.132,"6":0.127,"7":0.12,"8":0.098,"9":0.312,"10":0.308,"11":0.0988,"12":0.153,"13":0.237,"14":0.0812,"15":0.324,"16":0.546,"17":0.112,"18":0.114,"19":0.133,"20":0.381,"21":0.119,"22":0.0905,"23":0.0745,"24":0.923,"25":0.103,"26":0.284,"27":0.639,"28":0.115,"29":0.435,"30":0.0723,"31":0.126,"32":0.0928,"33":0.0875,"34":0.0814,"35":0.0846,"36":0.376,"37":0.102,"38":0.381,"39":0.0965,"40":0.109,"41":0.213,"42":0.106,"43":0.322,"44":0.102,"45":0.0978,"46":0.291,"47":0.0833,"48":0.0571,"49":0.0888,"50":0.0984,"51":0.0729,"52":0.0886,"53":0.11,"54":0.273,"55":0.37,"56":0.117,"57":0.0789,"58":0.106,"59":0.38,"60":0.198,"61":0.1,"62":0.268,"63":0.141,"64":0.0769,"65":0.122,"66":0.287,"67":0.109,"68":0.271,"69":0.104,"70":0.149,"71":0.109,"72":0.112,"73":0.1,"74":0.145,"75":0.668,"76":0.0883,"77":0.799,"78":0.114,"79":0.239,"80":0.277,"81":0.0854,"82":0.16,"83":0.0414,"84":0.104,"85":0.168,"86":0.171,"87":0.11,"88":0.151,"89":0.354,"90":0.143,"91":0.132,"92":0.141,"93":0.122,"94":0.111,"95":0.201,"96":0.0718,"97":0.132,"98":0.109,"99":0.0881},"valence":{"0":0.686,"1":0.512,"2":0.713,"3":0.68,"4":0.363,"5":0.443,"6":0.541,"7":0.624,"8":0.113,"9":0.721,"10":0.62,"11":0.239,"12":0.484,"13":0.317,"14":0.656,"15":0.627,"16":0.804,"17":0.211,"18":0.592,"19":0.105,"20":0.253,"21":0.757,"22":0.198,"23":0.286,"24":0.665,"25":0.377,"26":0.235,"27":0.243,"28":0.503,"29":0.822,"30":0.809,"31":0.654,"32":0.761,"33":0.386,"34":0.592,"35":0.613,"36":0.533,"37":0.288,"38":0.694,"39":0.278,"40":0.216,"41":0.136,"42":0.28,"43":0.418,"44":0.62,"45":0.282,"46":0.78,"47":0.203,"48":0.929,"49":0.251,"50":0.381,"51":0.946,"52":0.47,"53":0.861,"54":0.348,"55":0.523,"56":0.122,"57":0.318,"58":0.168,"59":0.463,"60":0.863,"61":0.448,"62":0.776,"63":0.674,"64":0.655,"65":0.775,"66":0.523,"67":0.38,"68":0.571,"69":0.775,"70":0.76,"71":0.436,"72":0.421,"73":0.16,"74":0.317,"75":0.236,"76":0.406,"77":0.625,"78":0.367,"79":0.367,"80":0.947,"81":0.581,"82":0.0781,"83":0.775,"84":0.0656,"85":0.195,"86":0.677,"87":0.716,"88":0.51,"89":0.455,"90":0.141,"91":0.299,"92":0.141,"93":0.578,"94":0.734,"95":0.479,"96":0.504,"97":0.302,"98":0.569,"99":0.609},"tempo":{"0":138.194,"1":76.899,"2":171.86,"3":82.019,"4":82.037,"5":179.942,"6":150.0,"7":110.049,"8":80.006,"9":101.031,"10":128.047,"11":148.03,"12":113.058,"13":97.022,"14":127.994,"15":100.03,"16":119.997,"17":127.97,"18":168.064,"19":124.015,"20":144.76,"21":93.394,"22":90.159,"23":128.018,"24":110.024,"25":126.955,"26":127.975,"27":110.018,"28":81.25,"29":96.168,"30":100.005,"31":144.004,"32":100.048,"33":118.056,"34":123.994,"35":92.998,"36":122.891,"37":179.891,"38":141.997,"39":81.974,"40":82.039,"41":104.931,"42":72.989,"43":128.035,"44":102.013,"45":120.858,"46":115.982,"47":139.627,"48":139.413,"49":99.999,"50":82.041,"51":122.981,"52":96.021,"53":83.458,"54":80.993,"55":110.028,"56":130.026,"57":77.985,"58":95.05,"59":113.463,"60":124.021,"61":91.042,"62":94.051,"63":97.037,"64":110.021,"65":119.002,"66":78.035,"67":155.673,"68":127.435,"69":126.977,"70":127.958,"71":120.031,"72":140.057,"73":74.981,"74":196.007,"75":136.245,"76":76.024,"77":148.14,"78":150.059,"79":107.007,"80":142.018,"81":103.006,"82":82.95,"83":128.947,"84":63.031,"85":91.031,"86":180.033,"87":103.885,"88":101.654,"89":179.984,"90":159.786,"91":85.667,"92":129.759,"93":80.012,"94":112.005,"95":141.957,"96":119.99,"97":84.778,"98":169.482,"99":88.992},"duration_ms":{"0":168000,"1":484147,"2":232000,"3":169779,"4":132059,"5":249493,"6":221341,"7":250189,"8":179000,"9":187893,"10":201160,"11":222076,"12":235434,"13":239440,"14":150000,"15":238496,"16":276160,"17":230625,"18":82440,"19":208562,"20":271013,"21":210747,"22":219077,"23":180469,"24":231860,"25":223225,"26":275594,"27":185587,"28":53308,"29":191279,"30":206773,"31":189189,"32":189840,"33":210640,"34":214847,"35":219467,"36":235467,"37":252000,"38":215091,"39":70268,"40":105366,"41":228227,"42":263014,"43":227267,"44":217413,"45":299095,"46":230822,"47":278719,"48":211224,"49":221520,"50":93659,"51":193814,"52":202067,"53":92500,"54":109444,"55":231387,"56":271200,"57":187716,"58":263400,"59":172061,"60":210053,"61":168791,"62":245621,"63":197355,"64":202907,"65":237200,"66":166000,"67":124666,"68":214148,"69":211972,"70":222406,"71":232227,"72":220880,"73":180225,"74":230412,"75":186813,"76":222047,"77":363521,"78":188786,"79":286733,"80":197789,"81":203057,"82":232800,"83":211900,"84":152500,"85":182307,"86":180853,"87":434720,"88":204280,"89":223546,"90":218320,"91":124000,"92":162462,"93":132023,"94":209105,"95":196933,"96":201659,"97":190185,"98":158182,"99":217747},"time_signature":{"0":4,"1":4,"2":4,"3":4,"4":4,"5":4,"6":4,"7":4,"8":4,"9":4,"10":4,"11":4,"12":4,"13":4,"14":4,"15":4,"16":4,"17":4,"18":4,"19":4,"20":4,"21":4,"22":4,"23":4,"24":4,"25":4,"26":4,"27":4,"28":4,"29":4,"30":4,"31":4,"32":4,"33":4,"34":4,"35":4,"36":4,"37":4,"38":4,"39":4,"40":4,"41":4,"42":4,"43":4,"44":4,"45":4,"46":4,"47":4,"48":4,"49":4,"50":4,"51":4,"52":4,"53":4,"54":4,"55":4,"56":4,"57":3,"58":3,"59":4,"60":4,"61":4,"62":4,"63":4,"64":4,"65":4,"66":4,"67":4,"68":4,"69":4,"70":4,"71":4,"72":4,"73":4,"74":4,"75":4,"76":4,"77":4,"78":4,"79":4,"80":4,"81":4,"82":4,"83":4,"84":4,"85":4,"86":4,"87":4,"88":4,"89":4,"90":4,"91":4,"92":4,"93":4,"94":4,"95":4,"96":4,"97":4,"98":4,"99":4},"num_bars":{"0":94,"1":155,"2":164,"3":57,"4":44,"5":184,"6":136,"7":114,"8":58,"9":76,"10":106,"11":134,"12":108,"13":95,"14":79,"15":96,"16":138,"17":122,"18":55,"19":105,"20":161,"21":79,"22":80,"23":95,"24":107,"25":117,"26":147,"27":83,"28":16,"29":90,"30":85,"31":113,"32":78,"33":103,"34":108,"35":84,"36":119,"37":184,"38":127,"39":22,"40":34,"41":99,"42":79,"43":119,"44":92,"45":150,"46":110,"47":158,"48":119,"49":91,"50":29,"51":96,"52":80,"53":31,"54":36,"55":104,"56":143,"57":80,"58":134,"59":79,"60":107,"61":62,"62":94,"63":77,"64":90,"65":115,"66":52,"67":81,"68":113,"69":111,"70":117,"71":112,"72":127,"73":55,"74":186,"75":105,"76":68,"77":227,"78":115,"79":128,"80":112,"81":85,"82":80,"83":110,"84":60,"85":67,"86":132,"87":183,"88":87,"89":167,"90":143,"91":43,"92":85,"93":43,"94":96,"95":112,"96":99,"97":65,"98":109,"99":80},"num_sections":{"0":7,"1":16,"2":12,"3":7,"4":5,"5":11,"6":11,"7":10,"8":9,"9":10,"10":9,"11":13,"12":10,"13":8,"14":9,"15":8,"16":11,"17":10,"18":5,"19":9,"20":12,"21":12,"22":9,"23":7,"24":9,"25":11,"26":13,"27":6,"28":3,"29":8,"30":10,"31":10,"32":8,"33":8,"34":10,"35":9,"36":10,"37":12,"38":12,"39":4,"40":4,"41":13,"42":13,"43":10,"44":10,"45":15,"46":9,"47":13,"48":8,"49":8,"50":4,"51":8,"52":9,"53":4,"54":3,"55":8,"56":9,"57":9,"58":12,"59":6,"60":10,"61":6,"62":9,"63":8,"64":9,"65":10,"66":8,"67":8,"68":11,"69":12,"70":11,"71":11,"72":12,"73":6,"74":10,"75":7,"76":9,"77":17,"78":12,"79":11,"80":8,"81":9,"82":10,"83":8,"84":8,"85":10,"86":10,"87":21,"88":6,"89":9,"90":9,"91":4,"92":8,"93":7,"94":8,"95":8,"96":9,"97":10,"98":5,"99":9},"num_segments":{"0":754,"1":1791,"2":972,"3":674,"4":596,"5":863,"6":835,"7":1011,"8":640,"9":741,"10":838,"11":537,"12":902,"13":827,"14":613,"15":1030,"16":1248,"17":847,"18":311,"19":711,"20":882,"21":966,"22":754,"23":634,"24":921,"25":794,"26":1022,"27":613,"28":215,"29":741,"30":906,"31":767,"32":777,"33":797,"34":920,"35":818,"36":1087,"37":876,"38":797,"39":254,"40":433,"41":883,"42":1012,"43":799,"44":840,"45":1261,"46":880,"47":878,"48":885,"49":751,"50":285,"51":774,"52":763,"53":333,"54":358,"55":878,"56":865,"57":700,"58":762,"59":651,"60":962,"61":695,"62":915,"63":751,"64":701,"65":855,"66":576,"67":437,"68":761,"69":826,"70":921,"71":887,"72":824,"73":626,"74":1093,"75":564,"76":708,"77":1760,"78":794,"79":1083,"80":803,"81":759,"82":726,"83":779,"84":489,"85":802,"86":723,"87":1410,"88":838,"89":704,"90":889,"91":553,"92":524,"93":485,"94":807,"95":633,"96":701,"97":698,"98":559,"99":933},"class":{"0":1,"1":1,"2":1,"3":1,"4":1,"5":1,"6":1,"7":1,"8":1,"9":1,"10":1,"11":1,"12":1,"13":1,"14":1,"15":1,"16":1,"17":1,"18":1,"19":1,"20":1,"21":1,"22":1,"23":1,"24":1,"25":1,"26":1,"27":1,"28":1,"29":1,"30":1,"31":1,"32":1,"33":1,"34":1,"35":1,"36":1,"37":1,"38":1,"39":1,"40":1,"41":1,"42":1,"43":1,"44":1,"45":1,"46":1,"47":1,"48":1,"49":1,"50":1,"51":1,"52":1,"53":1,"54":1,"55":1,"56":1,"57":1,"58":1,"59":1,"60":1,"61":1,"62":1,"63":1,"64":1,"65":1,"66":1,"67":1,"68":1,"69":1,"70":1,"71":1,"72":1,"73":1,"74":1,"75":1,"76":1,"77":1,"78":1,"79":1,"80":1,"81":1,"82":1,"83":1,"84":1,"85":1,"86":1,"87":1,"88":1,"89":1,"90":1,"91":1,"92":1,"93":1,"94":1,"95":1,"96":1,"97":1,"98":1,"99":1}}